2026-07-26 20:29:39 | INFO     | core.driver.driver_factory | Creating Android Appium session.
2026-07-26 20:29:39 | INFO     | core.driver.driver_factory | Device UDID: X8E6BQOVMJORTG89
2026-07-26 20:29:39 | INFO     | core.driver.driver_factory | Application package: com.saucelabs.mydemoapp.rn
2026-07-26 20:29:47 | INFO     | core.driver.driver_factory | Appium session created successfully. Session ID=b60ccf26-04ce-4ef1-a85a-d51f7aa083f9
2026-07-26 20:29:47 | INFO     | core.driver.driver_factory | Appium session closed. Session ID=b60ccf26-04ce-4ef1-a85a-d51f7aa083f9
2026-07-26 20:59:12 | INFO     | core.driver.driver_factory | Creating Android Appium session.
2026-07-26 20:59:12 | INFO     | core.driver.driver_factory | Device UDID: X8E6BQOVMJORTG89
2026-07-26 20:59:12 | INFO     | core.driver.driver_factory | Application package: com.saucelabs.mydemoapp.rn
2026-07-26 20:59:17 | INFO     | core.driver.driver_factory | Appium session created successfully. Session ID=824cd5d8-2ef1-4c01-8fd9-afe7d06c9ae2
2026-07-26 20:59:18 | INFO     | core.reporting.screenshot_manager | Screenshot saved: C:\Users\satye\OneDrive\Desktop\Android7\AndroidAutomationFramework\screenshots\test_application_launches_20260726_205917_864706.png
2026-07-26 20:59:18 | ERROR    | conftest | Test failed. Screenshot: C:\Users\satye\OneDrive\Desktop\Android7\AndroidAutomationFramework\screenshots\test_application_launches_20260726_205917_864706.png
2026-07-26 20:59:19 | INFO     | core.driver.driver_factory | Appium session closed. Session ID=824cd5d8-2ef1-4c01-8fd9-afe7d06c9ae2
2026-07-26 20:59:33 | INFO     | core.driver.driver_factory | Creating Android Appium session.
2026-07-26 20:59:33 | INFO     | core.driver.driver_factory | Device UDID: X8E6BQOVMJORTG89
2026-07-26 20:59:33 | INFO     | core.driver.driver_factory | Application package: com.saucelabs.mydemoapp.rn
2026-07-26 20:59:37 | INFO     | core.driver.driver_factory | Appium session created successfully. Session ID=ce514ca9-55aa-4455-8f97-969c806a94f3
2026-07-26 20:59:39 | INFO     | core.reporting.screenshot_manager | Screenshot saved: C:\Users\satye\OneDrive\Desktop\Android7\AndroidAutomationFramework\screenshots\test_application_launches_20260726_205938_278800.png
2026-07-26 20:59:39 | ERROR    | conftest | Test failed. Screenshot: C:\Users\satye\OneDrive\Desktop\Android7\AndroidAutomationFramework\screenshots\test_application_launches_20260726_205938_278800.png
2026-07-26 20:59:39 | INFO     | core.driver.driver_factory | Appium session closed. Session ID=ce514ca9-55aa-4455-8f97-969c806a94f3
2026-07-26 21:00:12 | INFO     | core.driver.driver_factory | Creating Android Appium session.
2026-07-26 21:00:12 | INFO     | core.driver.driver_factory | Device UDID: X8E6BQOVMJORTG89
2026-07-26 21:00:12 | INFO     | core.driver.driver_factory | Application package: com.saucelabs.mydemoapp.rn
2026-07-26 21:00:16 | INFO     | core.driver.driver_factory | Appium session created successfully. Session ID=e58ff698-c753-4cbf-8c4a-964283bda89d
2026-07-26 21:00:18 | INFO     | core.reporting.screenshot_manager | Screenshot saved: C:\Users\satye\OneDrive\Desktop\Android7\AndroidAutomationFramework\screenshots\test_application_launches_20260726_210017_104061.png
2026-07-26 21:00:18 | ERROR    | conftest | Test failed. Screenshot: C:\Users\satye\OneDrive\Desktop\Android7\AndroidAutomationFramework\screenshots\test_application_launches_20260726_210017_104061.png
2026-07-26 21:00:18 | INFO     | core.driver.driver_factory | Appium session closed. Session ID=e58ff698-c753-4cbf-8c4a-964283bda89d
2026-07-26 21:21:13 | INFO     | conftest | ======================================================================
2026-07-26 21:21:13 | INFO     | conftest | Starting new test session
2026-07-26 21:21:13 | INFO     | core.driver.driver_factory | Creating Android Appium session.
2026-07-26 21:21:13 | INFO     | core.driver.driver_factory | Device UDID: X8E6BQOVMJORTG89
2026-07-26 21:21:13 | INFO     | core.driver.driver_factory | Application package: com.saucelabs.mydemoapp.rn
2026-07-26 21:21:19 | INFO     | core.driver.driver_factory | Appium session created successfully. Session ID=234c58a2-b652-4535-98c8-9ee54aad0d92
2026-07-26 21:21:21 | INFO     | core.driver.driver_factory | Appium session closed. Session ID=234c58a2-b652-4535-98c8-9ee54aad0d92
2026-07-26 21:21:21 | INFO     | conftest | Test session finished
2026-07-26 21:21:21 | INFO     | conftest | ======================================================================
2026-07-26 21:21:21 | INFO     | conftest | ======================================================================
2026-07-26 21:21:21 | INFO     | conftest | Starting new test session
2026-07-26 21:21:21 | INFO     | core.driver.driver_factory | Creating Android Appium session.
2026-07-26 21:21:21 | INFO     | core.driver.driver_factory | Device UDID: X8E6BQOVMJORTG89
2026-07-26 21:21:21 | INFO     | core.driver.driver_factory | Application package: com.saucelabs.mydemoapp.rn
2026-07-26 21:21:25 | INFO     | core.driver.driver_factory | Appium session created successfully. Session ID=f34f2849-b7ea-470b-ae4c-2e5dc168d95b
2026-07-26 21:21:26 | INFO     | core.driver.driver_factory | Appium session closed. Session ID=f34f2849-b7ea-470b-ae4c-2e5dc168d95b
2026-07-26 21:21:26 | INFO     | conftest | Test session finished
2026-07-26 21:21:26 | INFO     | conftest | ======================================================================
2026-07-26 21:21:26 | INFO     | conftest | ======================================================================
2026-07-26 21:21:26 | INFO     | conftest | Starting new test session
2026-07-26 21:21:26 | INFO     | core.driver.driver_factory | Creating Android Appium session.
2026-07-26 21:21:26 | INFO     | core.driver.driver_factory | Device UDID: X8E6BQOVMJORTG89
2026-07-26 21:21:26 | INFO     | core.driver.driver_factory | Application package: com.saucelabs.mydemoapp.rn
2026-07-26 21:21:30 | INFO     | core.driver.driver_factory | Appium session created successfully. Session ID=d3628504-bdde-4a82-880e-2131ac81a352
2026-07-26 21:21:30 | INFO     | core.driver.driver_factory | Appium session closed. Session ID=d3628504-bdde-4a82-880e-2131ac81a352
2026-07-26 21:21:30 | INFO     | conftest | Test session finished
2026-07-26 21:21:30 | INFO     | conftest | ======================================================================
2026-07-26 21:21:41 | INFO     | conftest | ======================================================================
2026-07-26 21:21:41 | INFO     | conftest | Starting new test session
2026-07-26 21:21:41 | INFO     | core.driver.driver_factory | Creating Android Appium session.
2026-07-26 21:21:41 | INFO     | core.driver.driver_factory | Device UDID: X8E6BQOVMJORTG89
2026-07-26 21:21:41 | INFO     | core.driver.driver_factory | Application package: com.saucelabs.mydemoapp.rn
2026-07-26 21:21:45 | INFO     | core.driver.driver_factory | Appium session created successfully. Session ID=139795c6-ce7e-43e6-8935-8d05a165ceea
2026-07-26 21:21:46 | INFO     | ProductsPage | Clicking element: ('-android uiautomator', 'new UiSelector().text("Sauce Labs Backpack")')
2026-07-26 21:21:48 | INFO     | core.driver.driver_factory | Appium session closed. Session ID=139795c6-ce7e-43e6-8935-8d05a165ceea
2026-07-26 21:21:48 | INFO     | conftest | Test session finished
2026-07-26 21:21:48 | INFO     | conftest | ======================================================================
2026-07-26 21:21:48 | INFO     | conftest | ======================================================================
2026-07-26 21:21:48 | INFO     | conftest | Starting new test session
2026-07-26 21:21:48 | INFO     | core.driver.driver_factory | Creating Android Appium session.
2026-07-26 21:21:48 | INFO     | core.driver.driver_factory | Device UDID: X8E6BQOVMJORTG89
2026-07-26 21:21:48 | INFO     | core.driver.driver_factory | Application package: com.saucelabs.mydemoapp.rn
2026-07-26 21:21:52 | INFO     | core.driver.driver_factory | Appium session created successfully. Session ID=bd3b83d4-9a39-4bad-a11d-b17370dcedd9
2026-07-26 21:21:52 | INFO     | ProductsPage | Clicking element: ('-android uiautomator', 'new UiSelector().text("Sauce Labs Backpack")')
2026-07-26 21:21:54 | INFO     | core.reporting.screenshot_manager | Screenshot saved: C:\Users\satye\OneDrive\Desktop\Android7\AndroidAutomationFramework\screenshots\test_default_quantity_is_one_20260726_212153_363023.png
2026-07-26 21:21:54 | ERROR    | conftest | Failure screenshot captured: C:\Users\satye\OneDrive\Desktop\Android7\AndroidAutomationFramework\screenshots\test_default_quantity_is_one_20260726_212153_363023.png
2026-07-26 21:21:54 | INFO     | core.driver.driver_factory | Appium session closed. Session ID=bd3b83d4-9a39-4bad-a11d-b17370dcedd9
2026-07-26 21:21:54 | INFO     | conftest | Test session finished
2026-07-26 21:21:54 | INFO     | conftest | ======================================================================
2026-07-26 21:21:54 | INFO     | conftest | ======================================================================
2026-07-26 21:21:54 | INFO     | conftest | Starting new test session
2026-07-26 21:21:54 | INFO     | core.driver.driver_factory | Creating Android Appium session.
2026-07-26 21:21:54 | INFO     | core.driver.driver_factory | Device UDID: X8E6BQOVMJORTG89
2026-07-26 21:21:54 | INFO     | core.driver.driver_factory | Application package: com.saucelabs.mydemoapp.rn
2026-07-26 21:21:58 | INFO     | core.driver.driver_factory | Appium session created successfully. Session ID=f7f4185a-a801-4b27-8141-ca408ba60e68
2026-07-26 21:21:58 | INFO     | ProductsPage | Clicking element: ('-android uiautomator', 'new UiSelector().text("Sauce Labs Backpack")')
2026-07-26 21:21:59 | INFO     | core.reporting.screenshot_manager | Screenshot saved: C:\Users\satye\OneDrive\Desktop\Android7\AndroidAutomationFramework\screenshots\test_increase_product_quantity_20260726_212158_840175.png
2026-07-26 21:21:59 | ERROR    | conftest | Failure screenshot captured: C:\Users\satye\OneDrive\Desktop\Android7\AndroidAutomationFramework\screenshots\test_increase_product_quantity_20260726_212158_840175.png
2026-07-26 21:21:59 | INFO     | core.driver.driver_factory | Appium session closed. Session ID=f7f4185a-a801-4b27-8141-ca408ba60e68
2026-07-26 21:21:59 | INFO     | conftest | Test session finished
2026-07-26 21:21:59 | INFO     | conftest | ======================================================================
2026-07-26 21:22:04 | INFO     | conftest | ======================================================================
2026-07-26 21:22:04 | INFO     | conftest | Starting new test session
2026-07-26 21:22:04 | INFO     | core.driver.driver_factory | Creating Android Appium session.
2026-07-26 21:22:04 | INFO     | core.driver.driver_factory | Device UDID: X8E6BQOVMJORTG89
2026-07-26 21:22:04 | INFO     | core.driver.driver_factory | Application package: com.saucelabs.mydemoapp.rn
2026-07-26 21:22:08 | INFO     | core.driver.driver_factory | Appium session created successfully. Session ID=7f94ad1f-2c86-4eb8-9e96-1c16e8d37b94
2026-07-26 21:22:14 | ERROR    | core.waits.wait_utils | Element was not visible: ('accessibility id', 'products screen')
2026-07-26 21:22:14 | INFO     | core.reporting.screenshot_manager | Screenshot saved: C:\Users\satye\OneDrive\Desktop\Android7\AndroidAutomationFramework\screenshots\test_add_backpack_to_cart_20260726_212214_464150.png
2026-07-26 21:22:14 | ERROR    | conftest | Failure screenshot captured: C:\Users\satye\OneDrive\Desktop\Android7\AndroidAutomationFramework\screenshots\test_add_backpack_to_cart_20260726_212214_464150.png
2026-07-26 21:22:15 | INFO     | core.driver.driver_factory | Appium session closed. Session ID=7f94ad1f-2c86-4eb8-9e96-1c16e8d37b94
2026-07-26 21:22:15 | INFO     | conftest | Test session finished
2026-07-26 21:22:15 | INFO     | conftest | ======================================================================
2026-07-26 21:22:24 | INFO     | conftest | ======================================================================
2026-07-26 21:22:24 | INFO     | conftest | Starting new test session
2026-07-26 21:22:24 | INFO     | core.driver.driver_factory | Creating Android Appium session.
2026-07-26 21:22:24 | INFO     | core.driver.driver_factory | Device UDID: X8E6BQOVMJORTG89
2026-07-26 21:22:24 | INFO     | core.driver.driver_factory | Application package: com.saucelabs.mydemoapp.rn
2026-07-26 21:22:28 | INFO     | core.driver.driver_factory | Appium session created successfully. Session ID=c96e8ee2-9323-4730-9862-df10338e8272
2026-07-26 21:22:28 | INFO     | ProductsPage | Clicking element: ('-android uiautomator', 'new UiSelector().text("Sauce Labs Backpack")')
2026-07-26 21:22:30 | INFO     | ProductDetailsPage | Clicking element: ('accessibility id', 'Add To Cart button')
2026-07-26 21:22:30 | INFO     | ProductDetailsPage | Clicking element: ('accessibility id', 'cart badge')
2026-07-26 21:22:33 | INFO     | core.driver.driver_factory | Appium session closed. Session ID=c96e8ee2-9323-4730-9862-df10338e8272
2026-07-26 21:22:33 | INFO     | conftest | Test session finished
2026-07-26 21:22:33 | INFO     | conftest | ======================================================================
2026-07-26 21:22:39 | INFO     | conftest | ======================================================================
2026-07-26 21:22:39 | INFO     | conftest | Starting new test session
2026-07-26 21:22:39 | INFO     | core.driver.driver_factory | Creating Android Appium session.
2026-07-26 21:22:39 | INFO     | core.driver.driver_factory | Device UDID: X8E6BQOVMJORTG89
2026-07-26 21:22:39 | INFO     | core.driver.driver_factory | Application package: com.saucelabs.mydemoapp.rn
2026-07-26 21:22:44 | INFO     | core.driver.driver_factory | Appium session created successfully. Session ID=f17e337f-e74e-4664-bf14-712ec904d0e3
2026-07-26 21:22:44 | INFO     | ProductsPage | Clicking element: ('-android uiautomator', 'new UiSelector().text("Sauce Labs Backpack")')
2026-07-26 21:22:44 | INFO     | ProductDetailsPage | Clicking element: ('accessibility id', 'Add To Cart button')
2026-07-26 21:22:44 | INFO     | ProductDetailsPage | Clicking element: ('accessibility id', 'cart badge')
2026-07-26 21:22:45 | INFO     | CartPage | Clicking element: ('accessibility id', 'Proceed To Checkout button')
2026-07-26 21:22:51 | ERROR    | core.waits.wait_utils | Element was not visible: ('accessibility id', 'login screen')
2026-07-26 21:22:52 | INFO     | core.reporting.screenshot_manager | Screenshot saved: C:\Users\satye\OneDrive\Desktop\Android7\AndroidAutomationFramework\screenshots\test_valid_login_during_checkout_20260726_212251_971215.png
2026-07-26 21:22:52 | ERROR    | conftest | Failure screenshot captured: C:\Users\satye\OneDrive\Desktop\Android7\AndroidAutomationFramework\screenshots\test_valid_login_during_checkout_20260726_212251_971215.png
2026-07-26 21:22:52 | INFO     | core.driver.driver_factory | Appium session closed. Session ID=f17e337f-e74e-4664-bf14-712ec904d0e3
2026-07-26 21:22:52 | INFO     | conftest | Test session finished
2026-07-26 21:22:52 | INFO     | conftest | ======================================================================
2026-07-26 21:23:06 | INFO     | conftest | ======================================================================
2026-07-26 21:23:06 | INFO     | conftest | Starting new test session
2026-07-26 21:23:06 | INFO     | core.driver.driver_factory | Creating Android Appium session.
2026-07-26 21:23:06 | INFO     | core.driver.driver_factory | Device UDID: X8E6BQOVMJORTG89
2026-07-26 21:23:06 | INFO     | core.driver.driver_factory | Application package: com.saucelabs.mydemoapp.rn
2026-07-26 21:23:11 | INFO     | core.driver.driver_factory | Appium session created successfully. Session ID=732c908d-66b7-47a1-8eef-00a2e13f5785
2026-07-26 21:23:11 | INFO     | ProductsPage | Clicking element: ('-android uiautomator', 'new UiSelector().text("Sauce Labs Backpack")')
2026-07-26 21:23:13 | INFO     | ProductDetailsPage | Clicking element: ('accessibility id', 'Add To Cart button')
2026-07-26 21:23:13 | INFO     | ProductDetailsPage | Clicking element: ('accessibility id', 'cart badge')
2026-07-26 21:23:16 | INFO     | core.driver.driver_factory | Appium session closed. Session ID=732c908d-66b7-47a1-8eef-00a2e13f5785
2026-07-26 21:23:16 | INFO     | conftest | Test session finished
2026-07-26 21:23:16 | INFO     | conftest | ======================================================================
2026-07-26 21:23:16 | INFO     | conftest | ======================================================================
2026-07-26 21:23:16 | INFO     | conftest | Starting new test session
2026-07-26 21:23:16 | INFO     | core.driver.driver_factory | Creating Android Appium session.
2026-07-26 21:23:16 | INFO     | core.driver.driver_factory | Device UDID: X8E6BQOVMJORTG89
2026-07-26 21:23:16 | INFO     | core.driver.driver_factory | Application package: com.saucelabs.mydemoapp.rn
2026-07-26 21:23:20 | INFO     | core.driver.driver_factory | Appium session created successfully. Session ID=04c7af43-0d98-40a8-912f-0148b5df40d3
2026-07-26 21:23:25 | ERROR    | core.waits.wait_utils | Element was not visible: ('accessibility id', 'products screen')
2026-07-26 21:23:25 | INFO     | core.reporting.screenshot_manager | Screenshot saved: C:\Users\satye\OneDrive\Desktop\Android7\AndroidAutomationFramework\screenshots\test_open_backpack_20260726_212325_301941.png
2026-07-26 21:23:25 | ERROR    | conftest | Failure screenshot captured: C:\Users\satye\OneDrive\Desktop\Android7\AndroidAutomationFramework\screenshots\test_open_backpack_20260726_212325_301941.png
2026-07-26 21:23:26 | INFO     | core.driver.driver_factory | Appium session closed. Session ID=04c7af43-0d98-40a8-912f-0148b5df40d3
2026-07-26 21:23:26 | INFO     | conftest | Test session finished
2026-07-26 21:23:26 | INFO     | conftest | ======================================================================
2026-07-26 21:23:26 | INFO     | conftest | ======================================================================
2026-07-26 21:23:26 | INFO     | conftest | Starting new test session
2026-07-26 21:23:26 | INFO     | core.driver.driver_factory | Creating Android Appium session.
2026-07-26 21:23:26 | INFO     | core.driver.driver_factory | Device UDID: X8E6BQOVMJORTG89
2026-07-26 21:23:26 | INFO     | core.driver.driver_factory | Application package: com.saucelabs.mydemoapp.rn
2026-07-26 21:23:30 | INFO     | core.driver.driver_factory | Appium session created successfully. Session ID=8e1182b6-e51b-4888-bd42-3edf611d22f1
2026-07-26 21:23:30 | INFO     | ProductsPage | Clicking element: ('-android uiautomator', 'new UiSelector().text("Sauce Labs Backpack")')
2026-07-26 21:23:31 | INFO     | core.reporting.screenshot_manager | Screenshot saved: C:\Users\satye\OneDrive\Desktop\Android7\AndroidAutomationFramework\screenshots\test_default_quantity_is_one_20260726_212330_630013.png
2026-07-26 21:23:31 | ERROR    | conftest | Failure screenshot captured: C:\Users\satye\OneDrive\Desktop\Android7\AndroidAutomationFramework\screenshots\test_default_quantity_is_one_20260726_212330_630013.png
2026-07-26 21:23:31 | INFO     | core.driver.driver_factory | Appium session closed. Session ID=8e1182b6-e51b-4888-bd42-3edf611d22f1
2026-07-26 21:23:31 | INFO     | conftest | Test session finished
2026-07-26 21:23:31 | INFO     | conftest | ======================================================================
2026-07-26 21:23:31 | INFO     | conftest | ======================================================================
2026-07-26 21:23:31 | INFO     | conftest | Starting new test session
2026-07-26 21:23:31 | INFO     | core.driver.driver_factory | Creating Android Appium session.
2026-07-26 21:23:31 | INFO     | core.driver.driver_factory | Device UDID: X8E6BQOVMJORTG89
2026-07-26 21:23:31 | INFO     | core.driver.driver_factory | Application package: com.saucelabs.mydemoapp.rn
2026-07-26 21:23:35 | INFO     | core.driver.driver_factory | Appium session created successfully. Session ID=dd9207ce-92fc-4efb-8aef-9dbffdcf95f8
2026-07-26 21:23:35 | INFO     | ProductsPage | Clicking element: ('-android uiautomator', 'new UiSelector().text("Sauce Labs Backpack")')
2026-07-26 21:23:36 | INFO     | core.reporting.screenshot_manager | Screenshot saved: C:\Users\satye\OneDrive\Desktop\Android7\AndroidAutomationFramework\screenshots\test_increase_product_quantity_20260726_212335_935783.png
2026-07-26 21:23:36 | ERROR    | conftest | Failure screenshot captured: C:\Users\satye\OneDrive\Desktop\Android7\AndroidAutomationFramework\screenshots\test_increase_product_quantity_20260726_212335_935783.png
2026-07-26 21:23:37 | INFO     | core.driver.driver_factory | Appium session closed. Session ID=dd9207ce-92fc-4efb-8aef-9dbffdcf95f8
2026-07-26 21:23:37 | INFO     | conftest | Test session finished
2026-07-26 21:23:37 | INFO     | conftest | ======================================================================
2026-07-26 21:23:37 | INFO     | conftest | ======================================================================
2026-07-26 21:23:37 | INFO     | conftest | Starting new test session
2026-07-26 21:23:37 | INFO     | core.driver.driver_factory | Creating Android Appium session.
2026-07-26 21:23:37 | INFO     | core.driver.driver_factory | Device UDID: X8E6BQOVMJORTG89
2026-07-26 21:23:37 | INFO     | core.driver.driver_factory | Application package: com.saucelabs.mydemoapp.rn
2026-07-26 21:23:40 | INFO     | core.driver.driver_factory | Appium session created successfully. Session ID=bea976df-0f61-4235-93bd-8bf0b075413b
2026-07-26 21:23:46 | ERROR    | core.waits.wait_utils | Element was not visible: ('accessibility id', 'products screen')
2026-07-26 21:23:47 | INFO     | core.reporting.screenshot_manager | Screenshot saved: C:\Users\satye\OneDrive\Desktop\Android7\AndroidAutomationFramework\screenshots\test_products_screen_loads_20260726_212346_553474.png
2026-07-26 21:23:47 | ERROR    | conftest | Failure screenshot captured: C:\Users\satye\OneDrive\Desktop\Android7\AndroidAutomationFramework\screenshots\test_products_screen_loads_20260726_212346_553474.png
2026-07-26 21:23:47 | INFO     | core.driver.driver_factory | Appium session closed. Session ID=bea976df-0f61-4235-93bd-8bf0b075413b
2026-07-26 21:23:47 | INFO     | conftest | Test session finished
2026-07-26 21:23:47 | INFO     | conftest | ======================================================================
2026-07-26 21:23:47 | INFO     | conftest | ======================================================================
2026-07-26 21:23:47 | INFO     | conftest | Starting new test session
2026-07-26 21:23:47 | INFO     | core.driver.driver_factory | Creating Android Appium session.
2026-07-26 21:23:47 | INFO     | core.driver.driver_factory | Device UDID: X8E6BQOVMJORTG89
2026-07-26 21:23:47 | INFO     | core.driver.driver_factory | Application package: com.saucelabs.mydemoapp.rn
2026-07-26 21:23:51 | INFO     | core.driver.driver_factory | Appium session created successfully. Session ID=b8489a8e-7836-4a0b-9548-45025aa268b8
2026-07-26 21:24:06 | ERROR    | core.waits.wait_utils | Element was not visible: ('-android uiautomator', 'new UiSelector().text("Products")')
2026-07-26 21:24:07 | INFO     | core.reporting.screenshot_manager | Screenshot saved: C:\Users\satye\OneDrive\Desktop\Android7\AndroidAutomationFramework\screenshots\test_products_title_20260726_212406_718992.png
2026-07-26 21:24:07 | ERROR    | conftest | Failure screenshot captured: C:\Users\satye\OneDrive\Desktop\Android7\AndroidAutomationFramework\screenshots\test_products_title_20260726_212406_718992.png
2026-07-26 21:24:07 | INFO     | core.driver.driver_factory | Appium session closed. Session ID=b8489a8e-7836-4a0b-9548-45025aa268b8
2026-07-26 21:24:07 | INFO     | conftest | Test session finished
2026-07-26 21:24:07 | INFO     | conftest | ======================================================================
2026-07-26 21:24:07 | INFO     | conftest | ======================================================================
2026-07-26 21:24:07 | INFO     | conftest | Starting new test session
2026-07-26 21:24:07 | INFO     | core.driver.driver_factory | Creating Android Appium session.
2026-07-26 21:24:07 | INFO     | core.driver.driver_factory | Device UDID: X8E6BQOVMJORTG89
2026-07-26 21:24:07 | INFO     | core.driver.driver_factory | Application package: com.saucelabs.mydemoapp.rn
2026-07-26 21:24:11 | INFO     | core.driver.driver_factory | Appium session created successfully. Session ID=e8ac025d-6721-4c50-acdc-6b8d1697b40c
2026-07-26 21:24:12 | INFO     | core.driver.driver_factory | Appium session closed. Session ID=e8ac025d-6721-4c50-acdc-6b8d1697b40c
2026-07-26 21:24:12 | INFO     | conftest | Test session finished
2026-07-26 21:24:12 | INFO     | conftest | ======================================================================
2026-07-26 21:28:44 | INFO     | conftest | ======================================================================
2026-07-26 21:28:44 | INFO     | conftest | Starting new test session
2026-07-26 21:28:44 | INFO     | core.driver.driver_factory | Creating Android Appium session.
2026-07-26 21:28:44 | INFO     | core.driver.driver_factory | Device UDID: X8E6BQOVMJORTG89
2026-07-26 21:28:44 | INFO     | core.driver.driver_factory | Application package: com.saucelabs.mydemoapp.rn
2026-07-26 21:28:50 | INFO     | core.driver.driver_factory | Appium session created successfully. Session ID=4004cf69-3799-47d4-846a-2244d1db1e96
2026-07-26 21:28:50 | INFO     | ProductsPage | Clicking element: ('-android uiautomator', 'new UiSelector().text("Sauce Labs Backpack")')
2026-07-26 21:28:52 | INFO     | core.driver.driver_factory | Appium session closed. Session ID=4004cf69-3799-47d4-846a-2244d1db1e96
2026-07-26 21:28:52 | INFO     | conftest | Test session finished
2026-07-26 21:28:52 | INFO     | conftest | ======================================================================
2026-07-26 21:28:52 | INFO     | conftest | ======================================================================
2026-07-26 21:28:52 | INFO     | conftest | Starting new test session
2026-07-26 21:28:52 | INFO     | core.driver.driver_factory | Creating Android Appium session.
2026-07-26 21:28:52 | INFO     | core.driver.driver_factory | Device UDID: X8E6BQOVMJORTG89
2026-07-26 21:28:52 | INFO     | core.driver.driver_factory | Application package: com.saucelabs.mydemoapp.rn
2026-07-26 21:28:56 | INFO     | core.driver.driver_factory | Appium session created successfully. Session ID=7ce5dcc9-02aa-4472-9574-f5e26e22165c
2026-07-26 21:28:56 | INFO     | ProductsPage | Clicking element: ('-android uiautomator', 'new UiSelector().text("Sauce Labs Backpack")')
2026-07-26 21:28:57 | INFO     | core.reporting.screenshot_manager | Screenshot saved: C:\Users\satye\OneDrive\Desktop\Android7\AndroidAutomationFramework\screenshots\test_default_quantity_is_one_20260726_212856_932875.png
2026-07-26 21:28:57 | ERROR    | conftest | Failure screenshot captured: C:\Users\satye\OneDrive\Desktop\Android7\AndroidAutomationFramework\screenshots\test_default_quantity_is_one_20260726_212856_932875.png
2026-07-26 21:28:58 | INFO     | core.driver.driver_factory | Appium session closed. Session ID=7ce5dcc9-02aa-4472-9574-f5e26e22165c
2026-07-26 21:28:58 | INFO     | conftest | Test session finished
2026-07-26 21:28:58 | INFO     | conftest | ======================================================================
2026-07-26 21:28:58 | INFO     | conftest | ======================================================================
2026-07-26 21:28:58 | INFO     | conftest | Starting new test session
2026-07-26 21:28:58 | INFO     | core.driver.driver_factory | Creating Android Appium session.
2026-07-26 21:28:58 | INFO     | core.driver.driver_factory | Device UDID: X8E6BQOVMJORTG89
2026-07-26 21:28:58 | INFO     | core.driver.driver_factory | Application package: com.saucelabs.mydemoapp.rn
2026-07-26 21:29:01 | INFO     | core.driver.driver_factory | Appium session created successfully. Session ID=fa8241ba-91dc-4da3-bb39-d1918620e38e
2026-07-26 21:29:01 | INFO     | ProductsPage | Clicking element: ('-android uiautomator', 'new UiSelector().text("Sauce Labs Backpack")')
2026-07-26 21:29:02 | INFO     | core.reporting.screenshot_manager | Screenshot saved: C:\Users\satye\OneDrive\Desktop\Android7\AndroidAutomationFramework\screenshots\test_increase_product_quantity_20260726_212902_182252.png
2026-07-26 21:29:02 | ERROR    | conftest | Failure screenshot captured: C:\Users\satye\OneDrive\Desktop\Android7\AndroidAutomationFramework\screenshots\test_increase_product_quantity_20260726_212902_182252.png
2026-07-26 21:29:03 | INFO     | core.driver.driver_factory | Appium session closed. Session ID=fa8241ba-91dc-4da3-bb39-d1918620e38e
2026-07-26 21:29:03 | INFO     | conftest | Test session finished
2026-07-26 21:29:03 | INFO     | conftest | ======================================================================
2026-07-26 21:31:53 | INFO     | conftest | ======================================================================
2026-07-26 21:31:53 | INFO     | conftest | Starting new test session
2026-07-26 21:31:53 | INFO     | core.driver.driver_factory | Creating Android Appium session.
2026-07-26 21:31:53 | INFO     | core.driver.driver_factory | Device UDID: X8E6BQOVMJORTG89
2026-07-26 21:31:53 | INFO     | core.driver.driver_factory | Application package: com.saucelabs.mydemoapp.rn
2026-07-26 21:31:58 | INFO     | core.driver.driver_factory | Appium session created successfully. Session ID=e589d3ae-bed0-458a-bdbb-b08110110807
2026-07-26 21:32:00 | INFO     | ProductsPage | Clicking element: ('-android uiautomator', 'new UiSelector().text("Sauce Labs Backpack")')
2026-07-26 21:32:02 | INFO     | core.driver.driver_factory | Appium session closed. Session ID=e589d3ae-bed0-458a-bdbb-b08110110807
2026-07-26 21:32:02 | INFO     | conftest | Test session finished
2026-07-26 21:32:02 | INFO     | conftest | ======================================================================
2026-07-26 21:32:02 | INFO     | conftest | ======================================================================
2026-07-26 21:32:02 | INFO     | conftest | Starting new test session
2026-07-26 21:32:02 | INFO     | core.driver.driver_factory | Creating Android Appium session.
2026-07-26 21:32:02 | INFO     | core.driver.driver_factory | Device UDID: X8E6BQOVMJORTG89
2026-07-26 21:32:02 | INFO     | core.driver.driver_factory | Application package: com.saucelabs.mydemoapp.rn
2026-07-26 21:32:06 | INFO     | core.driver.driver_factory | Appium session created successfully. Session ID=daf572e0-7e55-4b94-a97f-abe61d026740
2026-07-26 21:32:06 | INFO     | ProductsPage | Clicking element: ('-android uiautomator', 'new UiSelector().text("Sauce Labs Backpack")')
2026-07-26 21:32:07 | INFO     | core.reporting.screenshot_manager | Screenshot saved: C:\Users\satye\OneDrive\Desktop\Android7\AndroidAutomationFramework\screenshots\test_default_quantity_is_one_20260726_213206_807743.png
2026-07-26 21:32:07 | ERROR    | conftest | Failure screenshot captured: C:\Users\satye\OneDrive\Desktop\Android7\AndroidAutomationFramework\screenshots\test_default_quantity_is_one_20260726_213206_807743.png
2026-07-26 21:32:07 | INFO     | core.driver.driver_factory | Appium session closed. Session ID=daf572e0-7e55-4b94-a97f-abe61d026740
2026-07-26 21:32:07 | INFO     | conftest | Test session finished
2026-07-26 21:32:07 | INFO     | conftest | ======================================================================
2026-07-26 21:32:07 | INFO     | conftest | ======================================================================
2026-07-26 21:32:07 | INFO     | conftest | Starting new test session
2026-07-26 21:32:07 | INFO     | core.driver.driver_factory | Creating Android Appium session.
2026-07-26 21:32:07 | INFO     | core.driver.driver_factory | Device UDID: X8E6BQOVMJORTG89
2026-07-26 21:32:07 | INFO     | core.driver.driver_factory | Application package: com.saucelabs.mydemoapp.rn
2026-07-26 21:32:11 | INFO     | core.driver.driver_factory | Appium session created successfully. Session ID=026c3534-244d-4f7c-8c32-4705272239fd
2026-07-26 21:32:11 | INFO     | ProductsPage | Clicking element: ('-android uiautomator', 'new UiSelector().text("Sauce Labs Backpack")')
2026-07-26 21:32:12 | INFO     | core.reporting.screenshot_manager | Screenshot saved: C:\Users\satye\OneDrive\Desktop\Android7\AndroidAutomationFramework\screenshots\test_increase_product_quantity_20260726_213211_996540.png
2026-07-26 21:32:12 | ERROR    | conftest | Failure screenshot captured: C:\Users\satye\OneDrive\Desktop\Android7\AndroidAutomationFramework\screenshots\test_increase_product_quantity_20260726_213211_996540.png
2026-07-26 21:32:13 | INFO     | core.driver.driver_factory | Appium session closed. Session ID=026c3534-244d-4f7c-8c32-4705272239fd
2026-07-26 21:32:13 | INFO     | conftest | Test session finished
2026-07-26 21:32:13 | INFO     | conftest | ======================================================================
2026-07-26 21:32:57 | INFO     | conftest | ======================================================================
2026-07-26 21:32:57 | INFO     | conftest | Starting new test session
2026-07-26 21:32:57 | INFO     | core.driver.driver_factory | Creating Android Appium session.
2026-07-26 21:32:57 | INFO     | core.driver.driver_factory | Device UDID: X8E6BQOVMJORTG89
2026-07-26 21:32:57 | INFO     | core.driver.driver_factory | Application package: com.saucelabs.mydemoapp.rn
2026-07-26 21:33:01 | INFO     | core.driver.driver_factory | Appium session created successfully. Session ID=7a42878c-6a1e-41ca-9bf7-ae8fca004914
2026-07-26 21:33:01 | INFO     | ProductsPage | Clicking element: ('-android uiautomator', 'new UiSelector().text("Sauce Labs Backpack")')
2026-07-26 21:33:03 | INFO     | core.driver.driver_factory | Appium session closed. Session ID=7a42878c-6a1e-41ca-9bf7-ae8fca004914
2026-07-26 21:33:03 | INFO     | conftest | Test session finished
2026-07-26 21:33:03 | INFO     | conftest | ======================================================================
2026-07-26 21:33:03 | INFO     | conftest | ======================================================================
2026-07-26 21:33:03 | INFO     | conftest | Starting new test session
2026-07-26 21:33:03 | INFO     | core.driver.driver_factory | Creating Android Appium session.
2026-07-26 21:33:03 | INFO     | core.driver.driver_factory | Device UDID: X8E6BQOVMJORTG89
2026-07-26 21:33:03 | INFO     | core.driver.driver_factory | Application package: com.saucelabs.mydemoapp.rn
2026-07-26 21:33:07 | INFO     | core.driver.driver_factory | Appium session created successfully. Session ID=e97cc54e-1c8d-486a-99ad-99833b4bd494
2026-07-26 21:33:07 | INFO     | ProductsPage | Clicking element: ('-android uiautomator', 'new UiSelector().text("Sauce Labs Backpack")')
2026-07-26 21:33:08 | INFO     | core.reporting.screenshot_manager | Screenshot saved: C:\Users\satye\OneDrive\Desktop\Android7\AndroidAutomationFramework\screenshots\test_default_quantity_is_one_20260726_213308_345387.png
2026-07-26 21:33:08 | ERROR    | conftest | Failure screenshot captured: C:\Users\satye\OneDrive\Desktop\Android7\AndroidAutomationFramework\screenshots\test_default_quantity_is_one_20260726_213308_345387.png
2026-07-26 21:33:09 | INFO     | core.driver.driver_factory | Appium session closed. Session ID=e97cc54e-1c8d-486a-99ad-99833b4bd494
2026-07-26 21:33:09 | INFO     | conftest | Test session finished
2026-07-26 21:33:09 | INFO     | conftest | ======================================================================
2026-07-26 21:33:09 | INFO     | conftest | ======================================================================
2026-07-26 21:33:09 | INFO     | conftest | Starting new test session
2026-07-26 21:33:09 | INFO     | core.driver.driver_factory | Creating Android Appium session.
2026-07-26 21:33:09 | INFO     | core.driver.driver_factory | Device UDID: X8E6BQOVMJORTG89
2026-07-26 21:33:09 | INFO     | core.driver.driver_factory | Application package: com.saucelabs.mydemoapp.rn
2026-07-26 21:33:13 | INFO     | core.driver.driver_factory | Appium session created successfully. Session ID=e7ed1d96-d165-4d1b-bc80-f8646403845e
2026-07-26 21:33:13 | INFO     | ProductsPage | Clicking element: ('-android uiautomator', 'new UiSelector().text("Sauce Labs Backpack")')
2026-07-26 21:33:14 | INFO     | core.reporting.screenshot_manager | Screenshot saved: C:\Users\satye\OneDrive\Desktop\Android7\AndroidAutomationFramework\screenshots\test_increase_product_quantity_20260726_213314_264072.png
2026-07-26 21:33:14 | ERROR    | conftest | Failure screenshot captured: C:\Users\satye\OneDrive\Desktop\Android7\AndroidAutomationFramework\screenshots\test_increase_product_quantity_20260726_213314_264072.png
2026-07-26 21:33:15 | INFO     | core.driver.driver_factory | Appium session closed. Session ID=e7ed1d96-d165-4d1b-bc80-f8646403845e
2026-07-26 21:33:15 | INFO     | conftest | Test session finished
2026-07-26 21:33:15 | INFO     | conftest | ======================================================================
2026-07-26 21:34:15 | INFO     | conftest | ======================================================================
2026-07-26 21:34:15 | INFO     | conftest | Starting new test session
2026-07-26 21:34:15 | INFO     | core.driver.driver_factory | Creating Android Appium session.
2026-07-26 21:34:15 | INFO     | core.driver.driver_factory | Device UDID: X8E6BQOVMJORTG89
2026-07-26 21:34:15 | INFO     | core.driver.driver_factory | Application package: com.saucelabs.mydemoapp.rn
2026-07-26 21:34:19 | INFO     | core.driver.driver_factory | Appium session created successfully. Session ID=c71d3226-d63d-42fb-ae8e-5891c5ca8c89
2026-07-26 21:34:24 | ERROR    | core.waits.wait_utils | Element was not visible: ('accessibility id', 'products screen')
2026-07-26 21:34:25 | INFO     | core.reporting.screenshot_manager | Screenshot saved: C:\Users\satye\OneDrive\Desktop\Android7\AndroidAutomationFramework\screenshots\test_open_backpack_20260726_213424_700206.png
2026-07-26 21:34:25 | ERROR    | conftest | Failure screenshot captured: C:\Users\satye\OneDrive\Desktop\Android7\AndroidAutomationFramework\screenshots\test_open_backpack_20260726_213424_700206.png
2026-07-26 21:34:25 | INFO     | core.driver.driver_factory | Appium session closed. Session ID=c71d3226-d63d-42fb-ae8e-5891c5ca8c89
2026-07-26 21:34:25 | INFO     | conftest | Test session finished
2026-07-26 21:34:25 | INFO     | conftest | ======================================================================
2026-07-26 21:34:25 | INFO     | conftest | ======================================================================
2026-07-26 21:34:25 | INFO     | conftest | Starting new test session
2026-07-26 21:34:25 | INFO     | core.driver.driver_factory | Creating Android Appium session.
2026-07-26 21:34:25 | INFO     | core.driver.driver_factory | Device UDID: X8E6BQOVMJORTG89
2026-07-26 21:34:25 | INFO     | core.driver.driver_factory | Application package: com.saucelabs.mydemoapp.rn
2026-07-26 21:34:34 | INFO     | conftest | ======================================================================
2026-07-26 21:34:34 | INFO     | conftest | Starting new test session
2026-07-26 21:34:34 | INFO     | core.driver.driver_factory | Creating Android Appium session.
2026-07-26 21:34:34 | INFO     | core.driver.driver_factory | Device UDID: X8E6BQOVMJORTG89
2026-07-26 21:34:34 | INFO     | core.driver.driver_factory | Application package: com.saucelabs.mydemoapp.rn
2026-07-26 21:34:38 | INFO     | core.driver.driver_factory | Appium session created successfully. Session ID=5962dde7-ded8-4718-807f-8f817d9105af
2026-07-26 21:34:38 | INFO     | ProductsPage | Clicking element: ('-android uiautomator', 'new UiSelector().text("Sauce Labs Backpack")')
2026-07-26 21:34:40 | INFO     | core.driver.driver_factory | Appium session closed. Session ID=5962dde7-ded8-4718-807f-8f817d9105af
2026-07-26 21:34:40 | INFO     | conftest | Test session finished
2026-07-26 21:34:40 | INFO     | conftest | ======================================================================
2026-07-26 21:34:40 | INFO     | conftest | ======================================================================
2026-07-26 21:34:40 | INFO     | conftest | Starting new test session
2026-07-26 21:34:40 | INFO     | core.driver.driver_factory | Creating Android Appium session.
2026-07-26 21:34:40 | INFO     | core.driver.driver_factory | Device UDID: X8E6BQOVMJORTG89
2026-07-26 21:34:40 | INFO     | core.driver.driver_factory | Application package: com.saucelabs.mydemoapp.rn
2026-07-26 21:34:44 | INFO     | core.driver.driver_factory | Appium session created successfully. Session ID=9288ae87-6a14-4e36-8bac-ecb7a56f81aa
2026-07-26 21:34:44 | INFO     | ProductsPage | Clicking element: ('-android uiautomator', 'new UiSelector().text("Sauce Labs Backpack")')
2026-07-26 21:34:45 | INFO     | core.reporting.screenshot_manager | Screenshot saved: C:\Users\satye\OneDrive\Desktop\Android7\AndroidAutomationFramework\screenshots\test_default_quantity_is_one_20260726_213445_000561.png
2026-07-26 21:34:45 | ERROR    | conftest | Failure screenshot captured: C:\Users\satye\OneDrive\Desktop\Android7\AndroidAutomationFramework\screenshots\test_default_quantity_is_one_20260726_213445_000561.png
2026-07-26 21:34:46 | INFO     | core.driver.driver_factory | Appium session closed. Session ID=9288ae87-6a14-4e36-8bac-ecb7a56f81aa
2026-07-26 21:34:46 | INFO     | conftest | Test session finished
2026-07-26 21:34:46 | INFO     | conftest | ======================================================================
2026-07-26 21:34:46 | INFO     | conftest | ======================================================================
2026-07-26 21:34:46 | INFO     | conftest | Starting new test session
2026-07-26 21:34:46 | INFO     | core.driver.driver_factory | Creating Android Appium session.
2026-07-26 21:34:46 | INFO     | core.driver.driver_factory | Device UDID: X8E6BQOVMJORTG89
2026-07-26 21:34:46 | INFO     | core.driver.driver_factory | Application package: com.saucelabs.mydemoapp.rn
2026-07-26 21:34:50 | INFO     | core.driver.driver_factory | Appium session created successfully. Session ID=f56f59d2-ab3a-4be4-ae4c-8c5c2987f967
2026-07-26 21:34:50 | INFO     | ProductsPage | Clicking element: ('-android uiautomator', 'new UiSelector().text("Sauce Labs Backpack")')
2026-07-26 21:34:50 | INFO     | core.reporting.screenshot_manager | Screenshot saved: C:\Users\satye\OneDrive\Desktop\Android7\AndroidAutomationFramework\screenshots\test_increase_product_quantity_20260726_213450_395415.png
2026-07-26 21:34:50 | ERROR    | conftest | Failure screenshot captured: C:\Users\satye\OneDrive\Desktop\Android7\AndroidAutomationFramework\screenshots\test_increase_product_quantity_20260726_213450_395415.png
2026-07-26 21:34:51 | INFO     | core.driver.driver_factory | Appium session closed. Session ID=f56f59d2-ab3a-4be4-ae4c-8c5c2987f967
2026-07-26 21:34:51 | INFO     | conftest | Test session finished
2026-07-26 21:34:51 | INFO     | conftest | ======================================================================
2026-07-26 21:35:08 | INFO     | conftest | ======================================================================
2026-07-26 21:35:08 | INFO     | conftest | Starting new test session
2026-07-26 21:35:08 | INFO     | core.driver.driver_factory | Creating Android Appium session.
2026-07-26 21:35:08 | INFO     | core.driver.driver_factory | Device UDID: X8E6BQOVMJORTG89
2026-07-26 21:35:08 | INFO     | core.driver.driver_factory | Application package: com.saucelabs.mydemoapp.rn
2026-07-26 21:35:12 | INFO     | core.driver.driver_factory | Appium session created successfully. Session ID=f1a96998-a781-4579-a624-e3c42f7b0373
2026-07-26 21:35:12 | INFO     | ProductsPage | Clicking element: ('-android uiautomator', 'new UiSelector().text("Sauce Labs Backpack")')
2026-07-26 21:35:14 | INFO     | core.driver.driver_factory | Appium session closed. Session ID=f1a96998-a781-4579-a624-e3c42f7b0373
2026-07-26 21:35:14 | INFO     | conftest | Test session finished
2026-07-26 21:35:14 | INFO     | conftest | ======================================================================
2026-07-26 21:35:14 | INFO     | conftest | ======================================================================
2026-07-26 21:35:14 | INFO     | conftest | Starting new test session
2026-07-26 21:35:14 | INFO     | core.driver.driver_factory | Creating Android Appium session.
2026-07-26 21:35:14 | INFO     | core.driver.driver_factory | Device UDID: X8E6BQOVMJORTG89
2026-07-26 21:35:14 | INFO     | core.driver.driver_factory | Application package: com.saucelabs.mydemoapp.rn
2026-07-26 21:35:18 | INFO     | core.driver.driver_factory | Appium session created successfully. Session ID=93e98c16-d4b9-4a00-93f4-1409491f3971
2026-07-26 21:35:18 | INFO     | ProductsPage | Clicking element: ('-android uiautomator', 'new UiSelector().text("Sauce Labs Backpack")')
2026-07-26 21:35:19 | INFO     | core.reporting.screenshot_manager | Screenshot saved: C:\Users\satye\OneDrive\Desktop\Android7\AndroidAutomationFramework\screenshots\test_default_quantity_is_one_20260726_213519_366029.png
2026-07-26 21:35:19 | ERROR    | conftest | Failure screenshot captured: C:\Users\satye\OneDrive\Desktop\Android7\AndroidAutomationFramework\screenshots\test_default_quantity_is_one_20260726_213519_366029.png
2026-07-26 21:35:20 | INFO     | core.driver.driver_factory | Appium session closed. Session ID=93e98c16-d4b9-4a00-93f4-1409491f3971
2026-07-26 21:35:20 | INFO     | conftest | Test session finished
2026-07-26 21:35:20 | INFO     | conftest | ======================================================================
2026-07-26 21:35:20 | INFO     | conftest | ======================================================================
2026-07-26 21:35:20 | INFO     | conftest | Starting new test session
2026-07-26 21:35:20 | INFO     | core.driver.driver_factory | Creating Android Appium session.
2026-07-26 21:35:20 | INFO     | core.driver.driver_factory | Device UDID: X8E6BQOVMJORTG89
2026-07-26 21:35:20 | INFO     | core.driver.driver_factory | Application package: com.saucelabs.mydemoapp.rn
2026-07-26 21:35:24 | INFO     | core.driver.driver_factory | Appium session created successfully. Session ID=e813ed23-cd4a-4f76-ab40-c0d762057a82
2026-07-26 21:35:24 | INFO     | ProductsPage | Clicking element: ('-android uiautomator', 'new UiSelector().text("Sauce Labs Backpack")')
2026-07-26 21:35:25 | INFO     | core.reporting.screenshot_manager | Screenshot saved: C:\Users\satye\OneDrive\Desktop\Android7\AndroidAutomationFramework\screenshots\test_increase_product_quantity_20260726_213524_598729.png
2026-07-26 21:35:25 | ERROR    | conftest | Failure screenshot captured: C:\Users\satye\OneDrive\Desktop\Android7\AndroidAutomationFramework\screenshots\test_increase_product_quantity_20260726_213524_598729.png
2026-07-26 21:35:25 | INFO     | core.driver.driver_factory | Appium session closed. Session ID=e813ed23-cd4a-4f76-ab40-c0d762057a82
2026-07-26 21:35:25 | INFO     | conftest | Test session finished
2026-07-26 21:35:25 | INFO     | conftest | ======================================================================
2026-07-26 21:35:39 | INFO     | conftest | ======================================================================
2026-07-26 21:35:39 | INFO     | conftest | Starting new test session
2026-07-26 21:35:39 | INFO     | core.driver.driver_factory | Creating Android Appium session.
2026-07-26 21:35:39 | INFO     | core.driver.driver_factory | Device UDID: X8E6BQOVMJORTG89
2026-07-26 21:35:39 | INFO     | core.driver.driver_factory | Application package: com.saucelabs.mydemoapp.rn
2026-07-26 21:35:43 | INFO     | core.driver.driver_factory | Appium session created successfully. Session ID=da4bd82d-92fd-4a6a-8b30-9a326b686791
2026-07-26 21:35:44 | INFO     | ProductsPage | Clicking element: ('-android uiautomator', 'new UiSelector().text("Sauce Labs Backpack")')
2026-07-26 21:35:46 | INFO     | core.driver.driver_factory | Appium session closed. Session ID=da4bd82d-92fd-4a6a-8b30-9a326b686791
2026-07-26 21:35:46 | INFO     | conftest | Test session finished
2026-07-26 21:35:46 | INFO     | conftest | ======================================================================
2026-07-26 21:35:46 | INFO     | conftest | ======================================================================
2026-07-26 21:35:46 | INFO     | conftest | Starting new test session
2026-07-26 21:35:46 | INFO     | core.driver.driver_factory | Creating Android Appium session.
2026-07-26 21:35:46 | INFO     | core.driver.driver_factory | Device UDID: X8E6BQOVMJORTG89
2026-07-26 21:35:46 | INFO     | core.driver.driver_factory | Application package: com.saucelabs.mydemoapp.rn
2026-07-26 21:35:49 | INFO     | core.driver.driver_factory | Appium session created successfully. Session ID=deb88580-a5c9-440c-912d-9e2364812514
2026-07-26 21:35:49 | INFO     | ProductsPage | Clicking element: ('-android uiautomator', 'new UiSelector().text("Sauce Labs Backpack")')
2026-07-26 21:35:51 | INFO     | core.reporting.screenshot_manager | Screenshot saved: C:\Users\satye\OneDrive\Desktop\Android7\AndroidAutomationFramework\screenshots\test_default_quantity_is_one_20260726_213550_897473.png
2026-07-26 21:35:51 | ERROR    | conftest | Failure screenshot captured: C:\Users\satye\OneDrive\Desktop\Android7\AndroidAutomationFramework\screenshots\test_default_quantity_is_one_20260726_213550_897473.png
2026-07-26 21:35:52 | INFO     | core.driver.driver_factory | Appium session closed. Session ID=deb88580-a5c9-440c-912d-9e2364812514
2026-07-26 21:35:52 | INFO     | conftest | Test session finished
2026-07-26 21:35:52 | INFO     | conftest | ======================================================================
2026-07-26 21:35:52 | INFO     | conftest | ======================================================================
2026-07-26 21:35:52 | INFO     | conftest | Starting new test session
2026-07-26 21:35:52 | INFO     | core.driver.driver_factory | Creating Android Appium session.
2026-07-26 21:35:52 | INFO     | core.driver.driver_factory | Device UDID: X8E6BQOVMJORTG89
2026-07-26 21:35:52 | INFO     | core.driver.driver_factory | Application package: com.saucelabs.mydemoapp.rn
2026-07-26 21:35:55 | INFO     | core.driver.driver_factory | Appium session created successfully. Session ID=1d1883db-0d75-4860-9a0b-8b6944e91374
2026-07-26 21:35:55 | INFO     | ProductsPage | Clicking element: ('-android uiautomator', 'new UiSelector().text("Sauce Labs Backpack")')
2026-07-26 21:35:56 | INFO     | core.reporting.screenshot_manager | Screenshot saved: C:\Users\satye\OneDrive\Desktop\Android7\AndroidAutomationFramework\screenshots\test_increase_product_quantity_20260726_213556_234304.png
2026-07-26 21:35:56 | ERROR    | conftest | Failure screenshot captured: C:\Users\satye\OneDrive\Desktop\Android7\AndroidAutomationFramework\screenshots\test_increase_product_quantity_20260726_213556_234304.png
2026-07-26 21:35:57 | INFO     | core.driver.driver_factory | Appium session closed. Session ID=1d1883db-0d75-4860-9a0b-8b6944e91374
2026-07-26 21:35:57 | INFO     | conftest | Test session finished
2026-07-26 21:35:57 | INFO     | conftest | ======================================================================
2026-07-26 21:39:24 | INFO     | conftest | ======================================================================
2026-07-26 21:39:24 | INFO     | conftest | Starting new test session
2026-07-26 21:39:24 | INFO     | core.driver.driver_factory | Creating Android Appium session.
2026-07-26 21:39:24 | INFO     | core.driver.driver_factory | Device UDID: X8E6BQOVMJORTG89
2026-07-26 21:39:24 | INFO     | core.driver.driver_factory | Application package: com.saucelabs.mydemoapp.rn
2026-07-26 21:39:29 | INFO     | core.driver.driver_factory | Appium session created successfully. Session ID=2d4e70c3-9e01-4beb-a368-813a636c75ed
2026-07-26 21:39:29 | INFO     | ProductsPage | Clicking element: ('-android uiautomator', 'new UiSelector().text("Sauce Labs Backpack")')
2026-07-26 21:39:30 | INFO     | core.reporting.screenshot_manager | Screenshot saved: C:\Users\satye\OneDrive\Desktop\Android7\AndroidAutomationFramework\screenshots\test_default_quantity_is_one_20260726_213929_707906.png
2026-07-26 21:39:30 | ERROR    | conftest | Failure screenshot captured: C:\Users\satye\OneDrive\Desktop\Android7\AndroidAutomationFramework\screenshots\test_default_quantity_is_one_20260726_213929_707906.png
2026-07-26 21:39:31 | INFO     | core.driver.driver_factory | Appium session closed. Session ID=2d4e70c3-9e01-4beb-a368-813a636c75ed
2026-07-26 21:39:31 | INFO     | conftest | Test session finished
2026-07-26 21:39:31 | INFO     | conftest | ======================================================================
2026-07-26 21:40:28 | INFO     | conftest | ======================================================================
2026-07-26 21:40:28 | INFO     | conftest | Starting new test session
2026-07-26 21:40:28 | INFO     | core.driver.driver_factory | Creating Android Appium session.
2026-07-26 21:40:28 | INFO     | core.driver.driver_factory | Device UDID: X8E6BQOVMJORTG89
2026-07-26 21:40:28 | INFO     | core.driver.driver_factory | Application package: com.saucelabs.mydemoapp.rn
2026-07-26 21:40:32 | INFO     | core.driver.driver_factory | Appium session created successfully. Session ID=0d8956b2-eaf3-44a4-a60e-cea5fcdd40f6
2026-07-26 21:40:32 | INFO     | ProductsPage | Clicking element: ('-android uiautomator', 'new UiSelector().text("Sauce Labs Backpack")')
2026-07-26 21:40:33 | INFO     | core.reporting.screenshot_manager | Screenshot saved: C:\Users\satye\OneDrive\Desktop\Android7\AndroidAutomationFramework\screenshots\test_default_quantity_is_one_20260726_214033_223162.png
2026-07-26 21:40:33 | ERROR    | conftest | Failure screenshot captured: C:\Users\satye\OneDrive\Desktop\Android7\AndroidAutomationFramework\screenshots\test_default_quantity_is_one_20260726_214033_223162.png
2026-07-26 21:40:34 | INFO     | core.driver.driver_factory | Appium session closed. Session ID=0d8956b2-eaf3-44a4-a60e-cea5fcdd40f6
2026-07-26 21:40:34 | INFO     | conftest | Test session finished
2026-07-26 21:40:34 | INFO     | conftest | ======================================================================
2026-07-26 21:40:44 | INFO     | conftest | ======================================================================
2026-07-26 21:40:44 | INFO     | conftest | Starting new test session
2026-07-26 21:40:44 | INFO     | core.driver.driver_factory | Creating Android Appium session.
2026-07-26 21:40:44 | INFO     | core.driver.driver_factory | Device UDID: X8E6BQOVMJORTG89
2026-07-26 21:40:44 | INFO     | core.driver.driver_factory | Application package: com.saucelabs.mydemoapp.rn
2026-07-26 21:40:48 | INFO     | core.driver.driver_factory | Appium session created successfully. Session ID=23d9fd23-e895-4d5d-a0f9-dedface6a433
2026-07-26 21:40:48 | INFO     | ProductsPage | Clicking element: ('-android uiautomator', 'new UiSelector().text("Sauce Labs Backpack")')
2026-07-26 21:40:49 | INFO     | core.reporting.screenshot_manager | Screenshot saved: C:\Users\satye\OneDrive\Desktop\Android7\AndroidAutomationFramework\screenshots\test_default_quantity_is_one_20260726_214048_777757.png
2026-07-26 21:40:49 | ERROR    | conftest | Failure screenshot captured: C:\Users\satye\OneDrive\Desktop\Android7\AndroidAutomationFramework\screenshots\test_default_quantity_is_one_20260726_214048_777757.png
2026-07-26 21:40:49 | INFO     | core.driver.driver_factory | Appium session closed. Session ID=23d9fd23-e895-4d5d-a0f9-dedface6a433
2026-07-26 21:40:49 | INFO     | conftest | Test session finished
2026-07-26 21:40:49 | INFO     | conftest | ======================================================================
2026-07-26 21:42:24 | INFO     | conftest | ======================================================================
2026-07-26 21:42:24 | INFO     | conftest | Starting new test session
2026-07-26 21:42:24 | INFO     | core.driver.driver_factory | Creating Android Appium session.
2026-07-26 21:42:24 | INFO     | core.driver.driver_factory | Device UDID: X8E6BQOVMJORTG89
2026-07-26 21:42:24 | INFO     | core.driver.driver_factory | Application package: com.saucelabs.mydemoapp.rn
2026-07-26 21:42:28 | INFO     | core.driver.driver_factory | Appium session created successfully. Session ID=38f078a3-8726-4a5c-8337-75e24e7d5b53
2026-07-26 21:42:28 | INFO     | ProductsPage | Clicking element: ('-android uiautomator', 'new UiSelector().text("Sauce Labs Backpack")')
2026-07-26 21:42:30 | INFO     | core.reporting.screenshot_manager | Screenshot saved: C:\Users\satye\OneDrive\Desktop\Android7\AndroidAutomationFramework\screenshots\test_default_quantity_is_one_20260726_214229_954865.png
2026-07-26 21:42:30 | ERROR    | conftest | Failure screenshot captured: C:\Users\satye\OneDrive\Desktop\Android7\AndroidAutomationFramework\screenshots\test_default_quantity_is_one_20260726_214229_954865.png
2026-07-26 21:42:31 | INFO     | core.driver.driver_factory | Appium session closed. Session ID=38f078a3-8726-4a5c-8337-75e24e7d5b53
2026-07-26 21:42:31 | INFO     | conftest | Test session finished
2026-07-26 21:42:31 | INFO     | conftest | ======================================================================
2026-07-26 21:43:57 | INFO     | conftest | ======================================================================
2026-07-26 21:43:57 | INFO     | conftest | Starting new test session
2026-07-26 21:43:57 | INFO     | core.driver.driver_factory | Creating Android Appium session.
2026-07-26 21:43:57 | INFO     | core.driver.driver_factory | Device UDID: X8E6BQOVMJORTG89
2026-07-26 21:43:57 | INFO     | core.driver.driver_factory | Application package: com.saucelabs.mydemoapp.rn
2026-07-26 21:44:01 | INFO     | core.driver.driver_factory | Appium session created successfully. Session ID=ba58f63f-3cdd-44c5-a715-a67fee2392eb
2026-07-26 21:44:01 | INFO     | ProductsPage | Clicking element: ('-android uiautomator', 'new UiSelector().text("Sauce Labs Backpack")')
2026-07-26 21:44:04 | INFO     | core.reporting.screenshot_manager | Screenshot saved: C:\Users\satye\OneDrive\Desktop\Android7\AndroidAutomationFramework\screenshots\test_default_quantity_is_one_20260726_214403_719208.png
2026-07-26 21:44:04 | ERROR    | conftest | Failure screenshot captured: C:\Users\satye\OneDrive\Desktop\Android7\AndroidAutomationFramework\screenshots\test_default_quantity_is_one_20260726_214403_719208.png
2026-07-26 21:44:04 | INFO     | core.driver.driver_factory | Appium session closed. Session ID=ba58f63f-3cdd-44c5-a715-a67fee2392eb
2026-07-26 21:44:04 | INFO     | conftest | Test session finished
2026-07-26 21:44:04 | INFO     | conftest | ======================================================================
2026-07-26 21:44:23 | INFO     | conftest | ======================================================================
2026-07-26 21:44:23 | INFO     | conftest | Starting new test session
2026-07-26 21:44:23 | INFO     | core.driver.driver_factory | Creating Android Appium session.
2026-07-26 21:44:23 | INFO     | core.driver.driver_factory | Device UDID: X8E6BQOVMJORTG89
2026-07-26 21:44:23 | INFO     | core.driver.driver_factory | Application package: com.saucelabs.mydemoapp.rn
2026-07-26 21:44:27 | INFO     | core.driver.driver_factory | Appium session created successfully. Session ID=fa1b29da-168f-4bb2-84ab-b1266b89adc4
2026-07-26 21:44:27 | INFO     | ProductsPage | Clicking element: ('-android uiautomator', 'new UiSelector().text("Sauce Labs Backpack")')
2026-07-26 21:44:29 | INFO     | core.reporting.screenshot_manager | Screenshot saved: C:\Users\satye\OneDrive\Desktop\Android7\AndroidAutomationFramework\screenshots\test_default_quantity_is_one_20260726_214428_994742.png
2026-07-26 21:44:29 | ERROR    | conftest | Failure screenshot captured: C:\Users\satye\OneDrive\Desktop\Android7\AndroidAutomationFramework\screenshots\test_default_quantity_is_one_20260726_214428_994742.png
2026-07-26 21:44:30 | INFO     | core.driver.driver_factory | Appium session closed. Session ID=fa1b29da-168f-4bb2-84ab-b1266b89adc4
2026-07-26 21:44:30 | INFO     | conftest | Test session finished
2026-07-26 21:44:30 | INFO     | conftest | ======================================================================
2026-07-26 21:49:36 | INFO     | conftest | ======================================================================
2026-07-26 21:49:36 | INFO     | conftest | Starting new test session
2026-07-26 21:49:36 | INFO     | core.driver.driver_factory | Creating Android Appium session.
2026-07-26 21:49:36 | INFO     | core.driver.driver_factory | Device UDID: X8E6BQOVMJORTG89
2026-07-26 21:49:36 | INFO     | core.driver.driver_factory | Application package: com.saucelabs.mydemoapp.rn
2026-07-26 21:49:40 | INFO     | core.driver.driver_factory | Appium session created successfully. Session ID=2a10a9bb-caeb-44ae-8d48-2b17daf7f3c8
2026-07-26 21:49:40 | INFO     | ProductsPage | Clicking element: ('-android uiautomator', 'new UiSelector().text("Sauce Labs Backpack")')
2026-07-26 21:49:42 | INFO     | core.driver.driver_factory | Appium session closed. Session ID=2a10a9bb-caeb-44ae-8d48-2b17daf7f3c8
2026-07-26 21:49:42 | INFO     | conftest | Test session finished
2026-07-26 21:49:42 | INFO     | conftest | ======================================================================
2026-07-26 21:50:37 | INFO     | conftest | ======================================================================
2026-07-26 21:50:37 | INFO     | conftest | Starting new test session
2026-07-26 21:50:37 | INFO     | core.driver.driver_factory | Creating Android Appium session.
2026-07-26 21:50:37 | INFO     | core.driver.driver_factory | Device UDID: X8E6BQOVMJORTG89
2026-07-26 21:50:37 | INFO     | core.driver.driver_factory | Application package: com.saucelabs.mydemoapp.rn
2026-07-26 21:50:41 | INFO     | core.driver.driver_factory | Appium session created successfully. Session ID=ed353520-2cfc-4aea-800f-17cbe61846a6
2026-07-26 21:50:41 | INFO     | ProductsPage | Clicking element: ('-android uiautomator', 'new UiSelector().text("Sauce Labs Backpack")')
2026-07-26 21:50:43 | INFO     | core.reporting.screenshot_manager | Screenshot saved: C:\Users\satye\OneDrive\Desktop\Android7\AndroidAutomationFramework\screenshots\test_increase_product_quantity_20260726_215042_728813.png
2026-07-26 21:50:43 | ERROR    | conftest | Failure screenshot captured: C:\Users\satye\OneDrive\Desktop\Android7\AndroidAutomationFramework\screenshots\test_increase_product_quantity_20260726_215042_728813.png
2026-07-26 21:50:44 | INFO     | core.driver.driver_factory | Appium session closed. Session ID=ed353520-2cfc-4aea-800f-17cbe61846a6
2026-07-26 21:50:44 | INFO     | conftest | Test session finished
2026-07-26 21:50:44 | INFO     | conftest | ======================================================================
2026-07-26 21:51:04 | INFO     | conftest | ======================================================================
2026-07-26 21:51:04 | INFO     | conftest | Starting new test session
2026-07-26 21:51:04 | INFO     | core.driver.driver_factory | Creating Android Appium session.
2026-07-26 21:51:04 | INFO     | core.driver.driver_factory | Device UDID: X8E6BQOVMJORTG89
2026-07-26 21:51:04 | INFO     | core.driver.driver_factory | Application package: com.saucelabs.mydemoapp.rn
2026-07-26 21:51:08 | INFO     | core.driver.driver_factory | Appium session created successfully. Session ID=1a4a7ea1-67f5-4465-aca3-8dc5c66e8f0f
2026-07-26 21:51:08 | INFO     | ProductsPage | Clicking element: ('-android uiautomator', 'new UiSelector().text("Sauce Labs Backpack")')
2026-07-26 21:51:10 | INFO     | core.reporting.screenshot_manager | Screenshot saved: C:\Users\satye\OneDrive\Desktop\Android7\AndroidAutomationFramework\screenshots\test_add_backpack_to_cart_20260726_215110_287258.png
2026-07-26 21:51:10 | ERROR    | conftest | Failure screenshot captured: C:\Users\satye\OneDrive\Desktop\Android7\AndroidAutomationFramework\screenshots\test_add_backpack_to_cart_20260726_215110_287258.png
2026-07-26 21:51:11 | INFO     | core.driver.driver_factory | Appium session closed. Session ID=1a4a7ea1-67f5-4465-aca3-8dc5c66e8f0f
2026-07-26 21:51:11 | INFO     | conftest | Test session finished
2026-07-26 21:51:11 | INFO     | conftest | ======================================================================
2026-07-26 21:51:11 | INFO     | conftest | ======================================================================
2026-07-26 21:51:11 | INFO     | conftest | Starting new test session
2026-07-26 21:51:11 | INFO     | core.driver.driver_factory | Creating Android Appium session.
2026-07-26 21:51:11 | INFO     | core.driver.driver_factory | Device UDID: X8E6BQOVMJORTG89
2026-07-26 21:51:11 | INFO     | core.driver.driver_factory | Application package: com.saucelabs.mydemoapp.rn
2026-07-26 21:51:15 | INFO     | core.driver.driver_factory | Appium session created successfully. Session ID=05114079-5803-4a68-84c4-a0a637e6bdab
2026-07-26 21:51:20 | ERROR    | core.waits.wait_utils | Element was not visible: ('accessibility id', 'products screen')
2026-07-26 21:51:21 | INFO     | core.reporting.screenshot_manager | Screenshot saved: C:\Users\satye\OneDrive\Desktop\Android7\AndroidAutomationFramework\screenshots\test_open_backpack_20260726_215120_675963.png
2026-07-26 21:51:21 | ERROR    | conftest | Failure screenshot captured: C:\Users\satye\OneDrive\Desktop\Android7\AndroidAutomationFramework\screenshots\test_open_backpack_20260726_215120_675963.png
2026-07-26 21:51:21 | INFO     | core.driver.driver_factory | Appium session closed. Session ID=05114079-5803-4a68-84c4-a0a637e6bdab
2026-07-26 21:51:21 | INFO     | conftest | Test session finished
2026-07-26 21:51:21 | INFO     | conftest | ======================================================================
2026-07-26 21:51:21 | INFO     | conftest | ======================================================================
2026-07-26 21:51:21 | INFO     | conftest | Starting new test session
2026-07-26 21:51:21 | INFO     | core.driver.driver_factory | Creating Android Appium session.
2026-07-26 21:51:21 | INFO     | core.driver.driver_factory | Device UDID: X8E6BQOVMJORTG89
2026-07-26 21:51:21 | INFO     | core.driver.driver_factory | Application package: com.saucelabs.mydemoapp.rn
2026-07-26 21:51:25 | INFO     | core.driver.driver_factory | Appium session created successfully. Session ID=4c6c503e-8922-4174-9fe1-51bfeaf021f9
2026-07-26 21:51:25 | INFO     | ProductsPage | Clicking element: ('-android uiautomator', 'new UiSelector().text("Sauce Labs Backpack")')
2026-07-26 21:51:26 | INFO     | core.driver.driver_factory | Appium session closed. Session ID=4c6c503e-8922-4174-9fe1-51bfeaf021f9
2026-07-26 21:51:26 | INFO     | conftest | Test session finished
2026-07-26 21:51:26 | INFO     | conftest | ======================================================================
2026-07-26 21:51:26 | INFO     | conftest | ======================================================================
2026-07-26 21:51:26 | INFO     | conftest | Starting new test session
2026-07-26 21:51:26 | INFO     | core.driver.driver_factory | Creating Android Appium session.
2026-07-26 21:51:26 | INFO     | core.driver.driver_factory | Device UDID: X8E6BQOVMJORTG89
2026-07-26 21:51:26 | INFO     | core.driver.driver_factory | Application package: com.saucelabs.mydemoapp.rn
2026-07-26 21:51:30 | INFO     | core.driver.driver_factory | Appium session created successfully. Session ID=57e871bb-9479-4be8-86be-b3e1f788bd87
2026-07-26 21:51:30 | INFO     | ProductsPage | Clicking element: ('-android uiautomator', 'new UiSelector().text("Sauce Labs Backpack")')
2026-07-26 21:51:31 | INFO     | core.reporting.screenshot_manager | Screenshot saved: C:\Users\satye\OneDrive\Desktop\Android7\AndroidAutomationFramework\screenshots\test_increase_product_quantity_20260726_215130_924688.png
2026-07-26 21:51:31 | ERROR    | conftest | Failure screenshot captured: C:\Users\satye\OneDrive\Desktop\Android7\AndroidAutomationFramework\screenshots\test_increase_product_quantity_20260726_215130_924688.png
2026-07-26 21:51:32 | INFO     | core.driver.driver_factory | Appium session closed. Session ID=57e871bb-9479-4be8-86be-b3e1f788bd87
2026-07-26 21:51:32 | INFO     | conftest | Test session finished
2026-07-26 21:51:32 | INFO     | conftest | ======================================================================
2026-07-26 21:51:32 | INFO     | conftest | ======================================================================
2026-07-26 21:51:32 | INFO     | conftest | Starting new test session
2026-07-26 21:51:32 | INFO     | core.driver.driver_factory | Creating Android Appium session.
2026-07-26 21:51:32 | INFO     | core.driver.driver_factory | Device UDID: X8E6BQOVMJORTG89
2026-07-26 21:51:32 | INFO     | core.driver.driver_factory | Application package: com.saucelabs.mydemoapp.rn
2026-07-26 21:51:35 | INFO     | core.driver.driver_factory | Appium session created successfully. Session ID=4140fae0-08c6-4d78-a7e2-c6ed3f98ddf2
2026-07-26 21:51:41 | ERROR    | core.waits.wait_utils | Element was not visible: ('accessibility id', 'products screen')
2026-07-26 21:51:41 | INFO     | core.reporting.screenshot_manager | Screenshot saved: C:\Users\satye\OneDrive\Desktop\Android7\AndroidAutomationFramework\screenshots\test_products_screen_loads_20260726_215141_040838.png
2026-07-26 21:51:41 | ERROR    | conftest | Failure screenshot captured: C:\Users\satye\OneDrive\Desktop\Android7\AndroidAutomationFramework\screenshots\test_products_screen_loads_20260726_215141_040838.png
2026-07-26 21:51:42 | INFO     | core.driver.driver_factory | Appium session closed. Session ID=4140fae0-08c6-4d78-a7e2-c6ed3f98ddf2
2026-07-26 21:51:42 | INFO     | conftest | Test session finished
2026-07-26 21:51:42 | INFO     | conftest | ======================================================================
2026-07-26 21:51:42 | INFO     | conftest | ======================================================================
2026-07-26 21:51:42 | INFO     | conftest | Starting new test session
2026-07-26 21:51:42 | INFO     | core.driver.driver_factory | Creating Android Appium session.
2026-07-26 21:51:42 | INFO     | core.driver.driver_factory | Device UDID: X8E6BQOVMJORTG89
2026-07-26 21:51:42 | INFO     | core.driver.driver_factory | Application package: com.saucelabs.mydemoapp.rn
2026-07-26 21:51:45 | INFO     | core.driver.driver_factory | Appium session created successfully. Session ID=436567bc-5af6-42db-98c9-c441a407e196
2026-07-26 21:52:01 | ERROR    | core.waits.wait_utils | Element was not visible: ('-android uiautomator', 'new UiSelector().text("Products")')
2026-07-26 21:52:01 | INFO     | core.reporting.screenshot_manager | Screenshot saved: C:\Users\satye\OneDrive\Desktop\Android7\AndroidAutomationFramework\screenshots\test_products_title_20260726_215201_129335.png
2026-07-26 21:52:01 | ERROR    | conftest | Failure screenshot captured: C:\Users\satye\OneDrive\Desktop\Android7\AndroidAutomationFramework\screenshots\test_products_title_20260726_215201_129335.png
2026-07-26 21:52:02 | INFO     | core.driver.driver_factory | Appium session closed. Session ID=436567bc-5af6-42db-98c9-c441a407e196
2026-07-26 21:52:02 | INFO     | conftest | Test session finished
2026-07-26 21:52:02 | INFO     | conftest | ======================================================================
2026-07-26 21:52:02 | INFO     | conftest | ======================================================================
2026-07-26 21:52:02 | INFO     | conftest | Starting new test session
2026-07-26 21:52:02 | INFO     | core.driver.driver_factory | Creating Android Appium session.
2026-07-26 21:52:02 | INFO     | core.driver.driver_factory | Device UDID: X8E6BQOVMJORTG89
2026-07-26 21:52:02 | INFO     | core.driver.driver_factory | Application package: com.saucelabs.mydemoapp.rn
2026-07-26 21:52:06 | INFO     | core.driver.driver_factory | Appium session created successfully. Session ID=fa024a51-7bdf-42cd-9606-521d26c708ad
2026-07-26 21:52:06 | INFO     | core.driver.driver_factory | Appium session closed. Session ID=fa024a51-7bdf-42cd-9606-521d26c708ad
2026-07-26 21:52:06 | INFO     | conftest | Test session finished
2026-07-26 21:52:06 | INFO     | conftest | ======================================================================
2026-07-26 21:53:06 | INFO     | conftest | ======================================================================
2026-07-26 21:53:06 | INFO     | conftest | Starting new test session
2026-07-26 21:53:06 | INFO     | core.driver.driver_factory | Creating Android Appium session.
2026-07-26 21:53:06 | INFO     | core.driver.driver_factory | Device UDID: X8E6BQOVMJORTG89
2026-07-26 21:53:06 | INFO     | core.driver.driver_factory | Application package: com.saucelabs.mydemoapp.rn
2026-07-26 21:53:10 | INFO     | core.driver.driver_factory | Appium session created successfully. Session ID=88f70458-53cd-451b-922b-89cc63f441f5
2026-07-26 21:53:10 | INFO     | ProductsPage | Clicking element: ('-android uiautomator', 'new UiSelector().text("Sauce Labs Backpack")')
2026-07-26 21:53:12 | INFO     | core.reporting.screenshot_manager | Screenshot saved: C:\Users\satye\OneDrive\Desktop\Android7\AndroidAutomationFramework\screenshots\test_add_backpack_to_cart_20260726_215312_400075.png
2026-07-26 21:53:12 | ERROR    | conftest | Failure screenshot captured: C:\Users\satye\OneDrive\Desktop\Android7\AndroidAutomationFramework\screenshots\test_add_backpack_to_cart_20260726_215312_400075.png
2026-07-26 21:53:13 | INFO     | core.driver.driver_factory | Appium session closed. Session ID=88f70458-53cd-451b-922b-89cc63f441f5
2026-07-26 21:53:13 | INFO     | conftest | Test session finished
2026-07-26 21:53:13 | INFO     | conftest | ======================================================================
2026-07-26 21:53:13 | INFO     | conftest | ======================================================================
2026-07-26 21:53:13 | INFO     | conftest | Starting new test session
2026-07-26 21:53:13 | INFO     | core.driver.driver_factory | Creating Android Appium session.
2026-07-26 21:53:13 | INFO     | core.driver.driver_factory | Device UDID: X8E6BQOVMJORTG89
2026-07-26 21:53:13 | INFO     | core.driver.driver_factory | Application package: com.saucelabs.mydemoapp.rn
2026-07-26 21:53:17 | INFO     | core.driver.driver_factory | Appium session created successfully. Session ID=eb100d29-0e5a-4210-a10e-36a1fdbff1be
2026-07-26 21:53:22 | ERROR    | core.waits.wait_utils | Element was not visible: ('accessibility id', 'products screen')
2026-07-26 21:53:23 | INFO     | core.reporting.screenshot_manager | Screenshot saved: C:\Users\satye\OneDrive\Desktop\Android7\AndroidAutomationFramework\screenshots\test_open_backpack_20260726_215322_837028.png
2026-07-26 21:53:23 | ERROR    | conftest | Failure screenshot captured: C:\Users\satye\OneDrive\Desktop\Android7\AndroidAutomationFramework\screenshots\test_open_backpack_20260726_215322_837028.png
2026-07-26 21:53:23 | INFO     | core.driver.driver_factory | Appium session closed. Session ID=eb100d29-0e5a-4210-a10e-36a1fdbff1be
2026-07-26 21:53:23 | INFO     | conftest | Test session finished
2026-07-26 21:53:23 | INFO     | conftest | ======================================================================
2026-07-26 21:53:23 | INFO     | conftest | ======================================================================
2026-07-26 21:53:23 | INFO     | conftest | Starting new test session
2026-07-26 21:53:23 | INFO     | core.driver.driver_factory | Creating Android Appium session.
2026-07-26 21:53:23 | INFO     | core.driver.driver_factory | Device UDID: X8E6BQOVMJORTG89
2026-07-26 21:53:23 | INFO     | core.driver.driver_factory | Application package: com.saucelabs.mydemoapp.rn
2026-07-26 21:53:27 | INFO     | core.driver.driver_factory | Appium session created successfully. Session ID=f8151ec6-fd9e-48b2-bb77-52d1bdb0105f
2026-07-26 21:53:27 | INFO     | ProductsPage | Clicking element: ('-android uiautomator', 'new UiSelector().text("Sauce Labs Backpack")')
2026-07-26 21:53:28 | INFO     | core.driver.driver_factory | Appium session closed. Session ID=f8151ec6-fd9e-48b2-bb77-52d1bdb0105f
2026-07-26 21:53:28 | INFO     | conftest | Test session finished
2026-07-26 21:53:28 | INFO     | conftest | ======================================================================
2026-07-26 21:53:28 | INFO     | conftest | ======================================================================
2026-07-26 21:53:28 | INFO     | conftest | Starting new test session
2026-07-26 21:53:28 | INFO     | core.driver.driver_factory | Creating Android Appium session.
2026-07-26 21:53:28 | INFO     | core.driver.driver_factory | Device UDID: X8E6BQOVMJORTG89
2026-07-26 21:53:28 | INFO     | core.driver.driver_factory | Application package: com.saucelabs.mydemoapp.rn
2026-07-26 21:53:32 | INFO     | core.driver.driver_factory | Appium session created successfully. Session ID=210848ed-d728-40dc-9164-3c0104edde5f
2026-07-26 21:53:33 | INFO     | core.reporting.screenshot_manager | Screenshot saved: C:\Users\satye\OneDrive\Desktop\Android7\AndroidAutomationFramework\screenshots\test_increase_product_quantity_20260726_215332_588081.png
2026-07-26 21:53:33 | ERROR    | conftest | Failure screenshot captured: C:\Users\satye\OneDrive\Desktop\Android7\AndroidAutomationFramework\screenshots\test_increase_product_quantity_20260726_215332_588081.png
2026-07-26 21:53:33 | INFO     | core.driver.driver_factory | Appium session closed. Session ID=210848ed-d728-40dc-9164-3c0104edde5f
2026-07-26 21:53:33 | INFO     | conftest | Test session finished
2026-07-26 21:53:33 | INFO     | conftest | ======================================================================
2026-07-26 21:53:33 | INFO     | conftest | ======================================================================
2026-07-26 21:53:33 | INFO     | conftest | Starting new test session
2026-07-26 21:53:33 | INFO     | core.driver.driver_factory | Creating Android Appium session.
2026-07-26 21:53:33 | INFO     | core.driver.driver_factory | Device UDID: X8E6BQOVMJORTG89
2026-07-26 21:53:33 | INFO     | core.driver.driver_factory | Application package: com.saucelabs.mydemoapp.rn
2026-07-26 21:53:37 | INFO     | core.driver.driver_factory | Appium session created successfully. Session ID=fe2518d2-bb77-48c6-9ae5-57c0f239c2e7
2026-07-26 21:53:43 | ERROR    | core.waits.wait_utils | Element was not visible: ('accessibility id', 'products screen')
2026-07-26 21:53:43 | INFO     | core.reporting.screenshot_manager | Screenshot saved: C:\Users\satye\OneDrive\Desktop\Android7\AndroidAutomationFramework\screenshots\test_products_screen_loads_20260726_215343_134647.png
2026-07-26 21:53:43 | ERROR    | conftest | Failure screenshot captured: C:\Users\satye\OneDrive\Desktop\Android7\AndroidAutomationFramework\screenshots\test_products_screen_loads_20260726_215343_134647.png
2026-07-26 21:53:44 | INFO     | core.driver.driver_factory | Appium session closed. Session ID=fe2518d2-bb77-48c6-9ae5-57c0f239c2e7
2026-07-26 21:53:44 | INFO     | conftest | Test session finished
2026-07-26 21:53:44 | INFO     | conftest | ======================================================================
2026-07-26 21:53:44 | INFO     | conftest | ======================================================================
2026-07-26 21:53:44 | INFO     | conftest | Starting new test session
2026-07-26 21:53:44 | INFO     | core.driver.driver_factory | Creating Android Appium session.
2026-07-26 21:53:44 | INFO     | core.driver.driver_factory | Device UDID: X8E6BQOVMJORTG89
2026-07-26 21:53:44 | INFO     | core.driver.driver_factory | Application package: com.saucelabs.mydemoapp.rn
2026-07-26 21:53:48 | INFO     | core.driver.driver_factory | Appium session created successfully. Session ID=2dd5b3f8-23aa-4726-8c4f-3d46fbac6311
2026-07-26 21:54:03 | ERROR    | core.waits.wait_utils | Element was not visible: ('-android uiautomator', 'new UiSelector().text("Products")')
2026-07-26 21:54:04 | INFO     | core.reporting.screenshot_manager | Screenshot saved: C:\Users\satye\OneDrive\Desktop\Android7\AndroidAutomationFramework\screenshots\test_products_title_20260726_215403_532692.png
2026-07-26 21:54:04 | ERROR    | conftest | Failure screenshot captured: C:\Users\satye\OneDrive\Desktop\Android7\AndroidAutomationFramework\screenshots\test_products_title_20260726_215403_532692.png
2026-07-26 21:54:04 | INFO     | core.driver.driver_factory | Appium session closed. Session ID=2dd5b3f8-23aa-4726-8c4f-3d46fbac6311
2026-07-26 21:54:04 | INFO     | conftest | Test session finished
2026-07-26 21:54:04 | INFO     | conftest | ======================================================================
2026-07-26 21:54:04 | INFO     | conftest | ======================================================================
2026-07-26 21:54:04 | INFO     | conftest | Starting new test session
2026-07-26 21:54:04 | INFO     | core.driver.driver_factory | Creating Android Appium session.
2026-07-26 21:54:04 | INFO     | core.driver.driver_factory | Device UDID: X8E6BQOVMJORTG89
2026-07-26 21:54:04 | INFO     | core.driver.driver_factory | Application package: com.saucelabs.mydemoapp.rn
2026-07-26 21:54:08 | INFO     | core.driver.driver_factory | Appium session created successfully. Session ID=4ad3f536-53b9-4d21-83a4-78910ead4d8e
2026-07-26 21:54:09 | INFO     | core.driver.driver_factory | Appium session closed. Session ID=4ad3f536-53b9-4d21-83a4-78910ead4d8e
2026-07-26 21:54:09 | INFO     | conftest | Test session finished
2026-07-26 21:54:09 | INFO     | conftest | ======================================================================
2026-07-26 21:54:14 | INFO     | conftest | ======================================================================
2026-07-26 21:54:14 | INFO     | conftest | Starting new test session
2026-07-26 21:54:14 | INFO     | core.driver.driver_factory | Creating Android Appium session.
2026-07-26 21:54:14 | INFO     | core.driver.driver_factory | Device UDID: X8E6BQOVMJORTG89
2026-07-26 21:54:14 | INFO     | core.driver.driver_factory | Application package: com.saucelabs.mydemoapp.rn
2026-07-26 21:54:18 | INFO     | core.driver.driver_factory | Appium session created successfully. Session ID=aebd26c9-7caa-4ef0-a7d5-9588f2fa5828
2026-07-26 21:54:18 | INFO     | core.reporting.screenshot_manager | Screenshot saved: C:\Users\satye\OneDrive\Desktop\Android7\AndroidAutomationFramework\screenshots\test_increase_product_quantity_20260726_215418_244517.png
2026-07-26 21:54:18 | ERROR    | conftest | Failure screenshot captured: C:\Users\satye\OneDrive\Desktop\Android7\AndroidAutomationFramework\screenshots\test_increase_product_quantity_20260726_215418_244517.png
2026-07-26 21:54:19 | INFO     | core.driver.driver_factory | Appium session closed. Session ID=aebd26c9-7caa-4ef0-a7d5-9588f2fa5828
2026-07-26 21:54:19 | INFO     | conftest | Test session finished
2026-07-26 21:54:19 | INFO     | conftest | ======================================================================
2026-07-27 23:34:15 | INFO     | conftest | ======================================================================
2026-07-27 23:34:15 | INFO     | conftest | Starting new test session
2026-07-27 23:34:15 | INFO     | core.driver.driver_factory | Creating Android Appium session.
2026-07-27 23:34:15 | INFO     | core.driver.driver_factory | Device UDID: X8E6BQOVMJORTG89
2026-07-27 23:34:15 | INFO     | core.driver.driver_factory | Application package: com.saucelabs.mydemoapp.rn
2026-07-27 23:34:20 | INFO     | core.driver.driver_factory | Appium session created successfully. Session ID=29b9da89-1287-452f-872c-824528390441
2026-07-27 23:34:20 | INFO     | ProductsPage | Clicking element: ('-android uiautomator', 'new UiSelector().text("Sauce Labs Backpack")')
2026-07-27 23:34:22 | INFO     | core.reporting.screenshot_manager | Screenshot saved: C:\Users\satye\OneDrive\Desktop\Android7\AndroidAutomationFramework\screenshots\test_add_backpack_to_cart_20260727_233421_572610.png
2026-07-27 23:34:22 | ERROR    | conftest | Failure screenshot captured: C:\Users\satye\OneDrive\Desktop\Android7\AndroidAutomationFramework\screenshots\test_add_backpack_to_cart_20260727_233421_572610.png
2026-07-27 23:34:22 | INFO     | core.driver.driver_factory | Appium session closed. Session ID=29b9da89-1287-452f-872c-824528390441
2026-07-27 23:34:22 | INFO     | conftest | Test session finished
2026-07-27 23:34:22 | INFO     | conftest | ======================================================================
2026-07-27 23:34:22 | INFO     | conftest | ======================================================================
2026-07-27 23:34:22 | INFO     | conftest | Starting new test session
2026-07-27 23:34:22 | INFO     | core.driver.driver_factory | Creating Android Appium session.
2026-07-27 23:34:22 | INFO     | core.driver.driver_factory | Device UDID: X8E6BQOVMJORTG89
2026-07-27 23:34:22 | INFO     | core.driver.driver_factory | Application package: com.saucelabs.mydemoapp.rn
2026-07-27 23:34:26 | INFO     | core.driver.driver_factory | Appium session created successfully. Session ID=34bdd74f-94b2-46d3-9b35-417e94967df3
2026-07-27 23:34:31 | ERROR    | core.waits.wait_utils | Element was not visible: ('accessibility id', 'products screen')
2026-07-27 23:34:32 | INFO     | core.reporting.screenshot_manager | Screenshot saved: C:\Users\satye\OneDrive\Desktop\Android7\AndroidAutomationFramework\screenshots\test_open_backpack_20260727_233431_759228.png
2026-07-27 23:34:32 | ERROR    | conftest | Failure screenshot captured: C:\Users\satye\OneDrive\Desktop\Android7\AndroidAutomationFramework\screenshots\test_open_backpack_20260727_233431_759228.png
2026-07-27 23:34:32 | INFO     | core.driver.driver_factory | Appium session closed. Session ID=34bdd74f-94b2-46d3-9b35-417e94967df3
2026-07-27 23:34:32 | INFO     | conftest | Test session finished
2026-07-27 23:34:32 | INFO     | conftest | ======================================================================
2026-07-27 23:34:32 | INFO     | conftest | ======================================================================
2026-07-27 23:34:32 | INFO     | conftest | Starting new test session
2026-07-27 23:34:32 | INFO     | core.driver.driver_factory | Creating Android Appium session.
2026-07-27 23:34:32 | INFO     | core.driver.driver_factory | Device UDID: X8E6BQOVMJORTG89
2026-07-27 23:34:32 | INFO     | core.driver.driver_factory | Application package: com.saucelabs.mydemoapp.rn
2026-07-27 23:34:36 | INFO     | core.driver.driver_factory | Appium session created successfully. Session ID=d606a9e5-5b44-4f4e-857c-a96dffb93e74
2026-07-27 23:34:36 | INFO     | ProductsPage | Clicking element: ('-android uiautomator', 'new UiSelector().text("Sauce Labs Backpack")')
2026-07-27 23:34:37 | INFO     | core.driver.driver_factory | Appium session closed. Session ID=d606a9e5-5b44-4f4e-857c-a96dffb93e74
2026-07-27 23:34:37 | INFO     | conftest | Test session finished
2026-07-27 23:34:37 | INFO     | conftest | ======================================================================
2026-07-27 23:34:37 | INFO     | conftest | ======================================================================
2026-07-27 23:34:37 | INFO     | conftest | Starting new test session
2026-07-27 23:34:37 | INFO     | core.driver.driver_factory | Creating Android Appium session.
2026-07-27 23:34:37 | INFO     | core.driver.driver_factory | Device UDID: X8E6BQOVMJORTG89
2026-07-27 23:34:37 | INFO     | core.driver.driver_factory | Application package: com.saucelabs.mydemoapp.rn
2026-07-27 23:34:41 | INFO     | core.driver.driver_factory | Appium session created successfully. Session ID=05f16806-e968-494d-aaf9-2c4a457956d1
2026-07-27 23:34:41 | INFO     | ProductsPage | Clicking element: ('-android uiautomator', 'new UiSelector().text("Sauce Labs Backpack")')
2026-07-27 23:34:42 | INFO     | core.reporting.screenshot_manager | Screenshot saved: C:\Users\satye\OneDrive\Desktop\Android7\AndroidAutomationFramework\screenshots\test_increase_product_quantity_20260727_233442_364213.png
2026-07-27 23:34:42 | ERROR    | conftest | Failure screenshot captured: C:\Users\satye\OneDrive\Desktop\Android7\AndroidAutomationFramework\screenshots\test_increase_product_quantity_20260727_233442_364213.png
2026-07-27 23:34:43 | INFO     | core.driver.driver_factory | Appium session closed. Session ID=05f16806-e968-494d-aaf9-2c4a457956d1
2026-07-27 23:34:43 | INFO     | conftest | Test session finished
2026-07-27 23:34:43 | INFO     | conftest | ======================================================================
2026-07-27 23:34:43 | INFO     | conftest | ======================================================================
2026-07-27 23:34:43 | INFO     | conftest | Starting new test session
2026-07-27 23:34:43 | INFO     | core.driver.driver_factory | Creating Android Appium session.
2026-07-27 23:34:43 | INFO     | core.driver.driver_factory | Device UDID: X8E6BQOVMJORTG89
2026-07-27 23:34:43 | INFO     | core.driver.driver_factory | Application package: com.saucelabs.mydemoapp.rn
2026-07-27 23:34:47 | INFO     | core.driver.driver_factory | Appium session created successfully. Session ID=bba21bc1-cd22-44dd-9fd4-3948cfe2e7c4
2026-07-27 23:34:52 | ERROR    | core.waits.wait_utils | Element was not visible: ('accessibility id', 'products screen')
2026-07-27 23:34:53 | INFO     | core.reporting.screenshot_manager | Screenshot saved: C:\Users\satye\OneDrive\Desktop\Android7\AndroidAutomationFramework\screenshots\test_products_screen_loads_20260727_233452_886704.png
2026-07-27 23:34:53 | ERROR    | conftest | Failure screenshot captured: C:\Users\satye\OneDrive\Desktop\Android7\AndroidAutomationFramework\screenshots\test_products_screen_loads_20260727_233452_886704.png
2026-07-27 23:34:53 | INFO     | core.driver.driver_factory | Appium session closed. Session ID=bba21bc1-cd22-44dd-9fd4-3948cfe2e7c4
2026-07-27 23:34:53 | INFO     | conftest | Test session finished
2026-07-27 23:34:53 | INFO     | conftest | ======================================================================
2026-07-27 23:34:53 | INFO     | conftest | ======================================================================
2026-07-27 23:34:53 | INFO     | conftest | Starting new test session
2026-07-27 23:34:53 | INFO     | core.driver.driver_factory | Creating Android Appium session.
2026-07-27 23:34:53 | INFO     | core.driver.driver_factory | Device UDID: X8E6BQOVMJORTG89
2026-07-27 23:34:53 | INFO     | core.driver.driver_factory | Application package: com.saucelabs.mydemoapp.rn
2026-07-27 23:34:57 | INFO     | core.driver.driver_factory | Appium session created successfully. Session ID=e6a6a76a-4595-4610-ad82-d711e4c6adfc
2026-07-27 23:35:13 | ERROR    | core.waits.wait_utils | Element was not visible: ('-android uiautomator', 'new UiSelector().text("Products")')
2026-07-27 23:35:13 | INFO     | core.reporting.screenshot_manager | Screenshot saved: C:\Users\satye\OneDrive\Desktop\Android7\AndroidAutomationFramework\screenshots\test_products_title_20260727_233513_137623.png
2026-07-27 23:35:13 | ERROR    | conftest | Failure screenshot captured: C:\Users\satye\OneDrive\Desktop\Android7\AndroidAutomationFramework\screenshots\test_products_title_20260727_233513_137623.png
2026-07-27 23:35:14 | INFO     | core.driver.driver_factory | Appium session closed. Session ID=e6a6a76a-4595-4610-ad82-d711e4c6adfc
2026-07-27 23:35:14 | INFO     | conftest | Test session finished
2026-07-27 23:35:14 | INFO     | conftest | ======================================================================
2026-07-27 23:35:14 | INFO     | conftest | ======================================================================
2026-07-27 23:35:14 | INFO     | conftest | Starting new test session
2026-07-27 23:35:14 | INFO     | core.driver.driver_factory | Creating Android Appium session.
2026-07-27 23:35:14 | INFO     | core.driver.driver_factory | Device UDID: X8E6BQOVMJORTG89
2026-07-27 23:35:14 | INFO     | core.driver.driver_factory | Application package: com.saucelabs.mydemoapp.rn
2026-07-27 23:35:17 | INFO     | core.driver.driver_factory | Appium session created successfully. Session ID=f049aaf7-26a5-438a-8445-07d27d94c9fa
2026-07-27 23:35:18 | INFO     | core.driver.driver_factory | Appium session closed. Session ID=f049aaf7-26a5-438a-8445-07d27d94c9fa
2026-07-27 23:35:18 | INFO     | conftest | Test session finished
2026-07-27 23:35:18 | INFO     | conftest | ======================================================================
2026-07-27 23:36:43 | INFO     | conftest | ======================================================================
2026-07-27 23:36:43 | INFO     | conftest | Starting new test session
2026-07-27 23:36:43 | INFO     | core.driver.driver_factory | Creating Android Appium session.
2026-07-27 23:36:43 | INFO     | core.driver.driver_factory | Device UDID: X8E6BQOVMJORTG89
2026-07-27 23:36:43 | INFO     | core.driver.driver_factory | Application package: com.saucelabs.mydemoapp.rn
2026-07-27 23:36:47 | INFO     | core.driver.driver_factory | Appium session created successfully. Session ID=27a6554b-a159-4ef9-a9b7-7aeafaa04186
2026-07-27 23:36:48 | INFO     | core.driver.driver_factory | Appium session closed. Session ID=27a6554b-a159-4ef9-a9b7-7aeafaa04186
2026-07-27 23:36:48 | INFO     | conftest | Test session finished
2026-07-27 23:36:48 | INFO     | conftest | ======================================================================
2026-07-27 23:38:27 | INFO     | conftest | ======================================================================
2026-07-27 23:38:27 | INFO     | conftest | Starting new test session
2026-07-27 23:38:27 | INFO     | core.driver.driver_factory | Creating Android Appium session.
2026-07-27 23:38:27 | INFO     | core.driver.driver_factory | Device UDID: X8E6BQOVMJORTG89
2026-07-27 23:38:27 | INFO     | core.driver.driver_factory | Application package: com.saucelabs.mydemoapp.rn
2026-07-27 23:38:32 | INFO     | core.driver.driver_factory | Appium session created successfully. Session ID=ab757f9f-a820-45cd-95fa-3f895a2261dd
2026-07-27 23:38:34 | INFO     | core.driver.driver_factory | Appium session closed. Session ID=ab757f9f-a820-45cd-95fa-3f895a2261dd
2026-07-27 23:38:34 | INFO     | conftest | Test session finished
2026-07-27 23:38:34 | INFO     | conftest | ======================================================================
2026-07-27 23:46:44 | INFO     | conftest | ======================================================================
2026-07-27 23:46:44 | INFO     | conftest | Starting new test session
2026-07-27 23:46:44 | INFO     | core.driver.driver_factory | Creating Android Appium session.
2026-07-27 23:46:44 | INFO     | core.driver.driver_factory | Device UDID: X8E6BQOVMJORTG89
2026-07-27 23:46:44 | INFO     | core.driver.driver_factory | Application package: com.saucelabs.mydemoapp.rn
2026-07-27 23:46:50 | INFO     | core.driver.driver_factory | Appium session created successfully. Session ID=57e720e4-dcba-4f30-b33d-6fbc474736ea
2026-07-27 23:46:51 | INFO     | core.driver.driver_factory | Appium session closed. Session ID=57e720e4-dcba-4f30-b33d-6fbc474736ea
2026-07-27 23:46:51 | INFO     | conftest | Test session finished
2026-07-27 23:46:51 | INFO     | conftest | ======================================================================
2026-07-27 23:47:39 | INFO     | conftest | ======================================================================
2026-07-27 23:47:39 | INFO     | conftest | Starting new test session
2026-07-27 23:47:39 | INFO     | core.driver.driver_factory | Creating Android Appium session.
2026-07-27 23:47:39 | INFO     | core.driver.driver_factory | Device UDID: X8E6BQOVMJORTG89
2026-07-27 23:47:39 | INFO     | core.driver.driver_factory | Application package: com.saucelabs.mydemoapp.rn
2026-07-27 23:47:43 | INFO     | core.driver.driver_factory | Appium session created successfully. Session ID=50a37278-a23a-420f-80f2-af52b0e681ff
2026-07-27 23:47:43 | INFO     | ProductsPage | Clicking element: ('-android uiautomator', 'new UiSelector().text("Sauce Labs Backpack")')
2026-07-27 23:47:45 | INFO     | core.driver.driver_factory | Appium session closed. Session ID=50a37278-a23a-420f-80f2-af52b0e681ff
2026-07-27 23:47:45 | INFO     | conftest | Test session finished
2026-07-27 23:47:45 | INFO     | conftest | ======================================================================
2026-07-27 23:48:36 | INFO     | conftest | ======================================================================
2026-07-27 23:48:36 | INFO     | conftest | Starting new test session
2026-07-27 23:48:36 | INFO     | core.driver.driver_factory | Creating Android Appium session.
2026-07-27 23:48:36 | INFO     | core.driver.driver_factory | Device UDID: X8E6BQOVMJORTG89
2026-07-27 23:48:36 | INFO     | core.driver.driver_factory | Application package: com.saucelabs.mydemoapp.rn
2026-07-27 23:48:40 | INFO     | core.driver.driver_factory | Appium session created successfully. Session ID=873e1f3a-b428-4386-b776-98ceb04c23a3
2026-07-27 23:48:40 | INFO     | ProductsPage | Clicking element: ('-android uiautomator', 'new UiSelector().text("Sauce Labs Backpack")')
2026-07-27 23:48:42 | INFO     | core.driver.driver_factory | Appium session closed. Session ID=873e1f3a-b428-4386-b776-98ceb04c23a3
2026-07-27 23:48:42 | INFO     | conftest | Test session finished
2026-07-27 23:48:42 | INFO     | conftest | ======================================================================
2026-07-27 23:49:16 | INFO     | conftest | ======================================================================
2026-07-27 23:49:16 | INFO     | conftest | Starting new test session
2026-07-27 23:49:16 | INFO     | core.driver.driver_factory | Creating Android Appium session.
2026-07-27 23:49:16 | INFO     | core.driver.driver_factory | Device UDID: X8E6BQOVMJORTG89
2026-07-27 23:49:16 | INFO     | core.driver.driver_factory | Application package: com.saucelabs.mydemoapp.rn
2026-07-27 23:49:20 | INFO     | core.driver.driver_factory | Appium session created successfully. Session ID=72584a26-8017-42b6-b120-2baea146ecc2
2026-07-27 23:49:20 | INFO     | ProductsPage | Clicking element: ('-android uiautomator', 'new UiSelector().text("Sauce Labs Backpack")')
2026-07-27 23:49:22 | INFO     | core.driver.driver_factory | Appium session closed. Session ID=72584a26-8017-42b6-b120-2baea146ecc2
2026-07-27 23:49:22 | INFO     | conftest | Test session finished
2026-07-27 23:49:22 | INFO     | conftest | ======================================================================
2026-07-27 23:49:38 | INFO     | conftest | ======================================================================
2026-07-27 23:49:38 | INFO     | conftest | Starting new test session
2026-07-27 23:49:38 | INFO     | core.driver.driver_factory | Creating Android Appium session.
2026-07-27 23:49:38 | INFO     | core.driver.driver_factory | Device UDID: X8E6BQOVMJORTG89
2026-07-27 23:49:38 | INFO     | core.driver.driver_factory | Application package: com.saucelabs.mydemoapp.rn
2026-07-27 23:49:42 | INFO     | core.driver.driver_factory | Appium session created successfully. Session ID=47220bd3-f48b-4bd5-9d19-dcb29cad6c27
2026-07-27 23:49:42 | INFO     | ProductsPage | Clicking element: ('-android uiautomator', 'new UiSelector().text("Sauce Labs Backpack")')
2026-07-27 23:49:44 | INFO     | core.driver.driver_factory | Appium session closed. Session ID=47220bd3-f48b-4bd5-9d19-dcb29cad6c27
2026-07-27 23:49:44 | INFO     | conftest | Test session finished
2026-07-27 23:49:44 | INFO     | conftest | ======================================================================
2026-07-27 23:50:23 | INFO     | conftest | ======================================================================
2026-07-27 23:50:23 | INFO     | conftest | Starting new test session
2026-07-27 23:50:23 | INFO     | core.driver.driver_factory | Creating Android Appium session.
2026-07-27 23:50:23 | INFO     | core.driver.driver_factory | Device UDID: X8E6BQOVMJORTG89
2026-07-27 23:50:23 | INFO     | core.driver.driver_factory | Application package: com.saucelabs.mydemoapp.rn
2026-07-27 23:50:27 | INFO     | core.driver.driver_factory | Appium session created successfully. Session ID=0eae32b4-d3c5-48de-97cc-0609895b5f61
2026-07-27 23:50:27 | INFO     | ProductsPage | Clicking element: ('-android uiautomator', 'new UiSelector().text("Sauce Labs Backpack")')
2026-07-27 23:50:29 | INFO     | core.reporting.screenshot_manager | Screenshot saved: C:\Users\satye\OneDrive\Desktop\Android7\AndroidAutomationFramework\screenshots\test_increase_product_quantity_20260727_235029_162884.png
2026-07-27 23:50:29 | ERROR    | conftest | Failure screenshot captured: C:\Users\satye\OneDrive\Desktop\Android7\AndroidAutomationFramework\screenshots\test_increase_product_quantity_20260727_235029_162884.png
2026-07-27 23:50:30 | INFO     | core.driver.driver_factory | Appium session closed. Session ID=0eae32b4-d3c5-48de-97cc-0609895b5f61
2026-07-27 23:50:30 | INFO     | conftest | Test session finished
2026-07-27 23:50:30 | INFO     | conftest | ======================================================================
2026-07-27 23:57:28 | INFO     | conftest | ======================================================================
2026-07-27 23:57:28 | INFO     | conftest | Starting new test session
2026-07-27 23:57:28 | INFO     | core.driver.driver_factory | Creating Android Appium session.
2026-07-27 23:57:28 | INFO     | core.driver.driver_factory | Device UDID: X8E6BQOVMJORTG89
2026-07-27 23:57:28 | INFO     | core.driver.driver_factory | Application package: com.saucelabs.mydemoapp.rn
2026-07-27 23:57:34 | INFO     | core.driver.driver_factory | Appium session created successfully. Session ID=6be5bb45-31ea-44b8-88b4-b1c56afe99d4
2026-07-27 23:57:34 | INFO     | ProductsPage | Clicking element: ('-android uiautomator', 'new UiSelector().text("Sauce Labs Backpack")')
2026-07-27 23:57:36 | INFO     | ProductDetailsPage | Clicking element: ('accessibility id', 'counter plus button')
2026-07-27 23:57:38 | INFO     | core.reporting.screenshot_manager | Screenshot saved: C:\Users\satye\OneDrive\Desktop\Android7\AndroidAutomationFramework\screenshots\test_increase_product_quantity_20260727_235737_628164.png
2026-07-27 23:57:38 | ERROR    | conftest | Failure screenshot captured: C:\Users\satye\OneDrive\Desktop\Android7\AndroidAutomationFramework\screenshots\test_increase_product_quantity_20260727_235737_628164.png
2026-07-27 23:57:38 | INFO     | core.driver.driver_factory | Appium session closed. Session ID=6be5bb45-31ea-44b8-88b4-b1c56afe99d4
2026-07-27 23:57:38 | INFO     | conftest | Test session finished
2026-07-27 23:57:38 | INFO     | conftest | ======================================================================
2026-07-27 23:58:02 | INFO     | conftest | ======================================================================
2026-07-27 23:58:02 | INFO     | conftest | Starting new test session
2026-07-27 23:58:02 | INFO     | core.driver.driver_factory | Creating Android Appium session.
2026-07-27 23:58:02 | INFO     | core.driver.driver_factory | Device UDID: X8E6BQOVMJORTG89
2026-07-27 23:58:02 | INFO     | core.driver.driver_factory | Application package: com.saucelabs.mydemoapp.rn
2026-07-27 23:58:06 | INFO     | core.driver.driver_factory | Appium session created successfully. Session ID=c6e3859c-2066-470d-8993-2ec1d2c35dd6
2026-07-27 23:58:06 | INFO     | ProductsPage | Clicking element: ('-android uiautomator', 'new UiSelector().text("Sauce Labs Backpack")')
2026-07-27 23:58:07 | INFO     | ProductDetailsPage | Clicking element: ('accessibility id', 'counter plus button')
2026-07-27 23:58:09 | INFO     | core.reporting.screenshot_manager | Screenshot saved: C:\Users\satye\OneDrive\Desktop\Android7\AndroidAutomationFramework\screenshots\test_increase_product_quantity_20260727_235808_523975.png
2026-07-27 23:58:09 | ERROR    | conftest | Failure screenshot captured: C:\Users\satye\OneDrive\Desktop\Android7\AndroidAutomationFramework\screenshots\test_increase_product_quantity_20260727_235808_523975.png
2026-07-27 23:58:09 | INFO     | core.driver.driver_factory | Appium session closed. Session ID=c6e3859c-2066-470d-8993-2ec1d2c35dd6
2026-07-27 23:58:09 | INFO     | conftest | Test session finished
2026-07-27 23:58:09 | INFO     | conftest | ======================================================================
2026-07-27 23:59:48 | INFO     | conftest | ======================================================================
2026-07-27 23:59:48 | INFO     | conftest | Starting new test session
2026-07-27 23:59:48 | INFO     | core.driver.driver_factory | Creating Android Appium session.
2026-07-27 23:59:48 | INFO     | core.driver.driver_factory | Device UDID: X8E6BQOVMJORTG89
2026-07-27 23:59:48 | INFO     | core.driver.driver_factory | Application package: com.saucelabs.mydemoapp.rn
2026-07-27 23:59:53 | INFO     | core.driver.driver_factory | Appium session created successfully. Session ID=5193313e-4cf2-4de7-8395-df13d85e7997
2026-07-27 23:59:53 | INFO     | ProductsPage | Clicking element: ('-android uiautomator', 'new UiSelector().text("Sauce Labs Backpack")')
2026-07-27 23:59:54 | INFO     | ProductDetailsPage | Clicking element: ('accessibility id', 'counter plus button')
2026-07-27 23:59:56 | INFO     | ProductDetailsPage | Clicking element: ('accessibility id', 'counter plus button')
2026-07-27 23:59:56 | INFO     | ProductDetailsPage | Clicking element: ('accessibility id', 'counter plus button')
2026-07-27 23:59:58 | INFO     | core.driver.driver_factory | Appium session closed. Session ID=5193313e-4cf2-4de7-8395-df13d85e7997
2026-07-27 23:59:58 | INFO     | conftest | Test session finished
2026-07-27 23:59:58 | INFO     | conftest | ======================================================================
2026-07-28 00:00:31 | INFO     | conftest | ======================================================================
2026-07-28 00:00:31 | INFO     | conftest | Starting new test session
2026-07-28 00:00:31 | INFO     | core.driver.driver_factory | Creating Android Appium session.
2026-07-28 00:00:31 | INFO     | core.driver.driver_factory | Device UDID: X8E6BQOVMJORTG89
2026-07-28 00:00:31 | INFO     | core.driver.driver_factory | Application package: com.saucelabs.mydemoapp.rn
2026-07-28 00:00:35 | INFO     | core.driver.driver_factory | Appium session created successfully. Session ID=92876773-4316-4b2c-81e8-052d6eba6c39
2026-07-28 00:00:36 | INFO     | ProductsPage | Clicking element: ('-android uiautomator', 'new UiSelector().text("Sauce Labs Backpack")')
2026-07-28 00:00:38 | INFO     | core.reporting.screenshot_manager | Screenshot saved: C:\Users\satye\OneDrive\Desktop\Android7\AndroidAutomationFramework\screenshots\test_add_backpack_to_cart_20260728_000037_445182.png
2026-07-28 00:00:38 | ERROR    | conftest | Failure screenshot captured: C:\Users\satye\OneDrive\Desktop\Android7\AndroidAutomationFramework\screenshots\test_add_backpack_to_cart_20260728_000037_445182.png
2026-07-28 00:00:38 | INFO     | core.driver.driver_factory | Appium session closed. Session ID=92876773-4316-4b2c-81e8-052d6eba6c39
2026-07-28 00:00:38 | INFO     | conftest | Test session finished
2026-07-28 00:00:38 | INFO     | conftest | ======================================================================
2026-07-28 00:02:10 | INFO     | conftest | ======================================================================
2026-07-28 00:02:10 | INFO     | conftest | Starting new test session
2026-07-28 00:02:10 | INFO     | core.driver.driver_factory | Creating Android Appium session.
2026-07-28 00:02:10 | INFO     | core.driver.driver_factory | Device UDID: X8E6BQOVMJORTG89
2026-07-28 00:02:10 | INFO     | core.driver.driver_factory | Application package: com.saucelabs.mydemoapp.rn
2026-07-28 00:02:14 | INFO     | core.driver.driver_factory | Appium session created successfully. Session ID=e201336f-9ea1-41dd-aa3e-89e8877a1c1c
2026-07-28 00:02:14 | INFO     | ProductsPage | Clicking element: ('-android uiautomator', 'new UiSelector().text("Sauce Labs Backpack")')
2026-07-28 00:02:15 | INFO     | ProductDetailsPage | Clicking element: ('accessibility id', 'Add To Cart button')
2026-07-28 00:02:16 | INFO     | ProductDetailsPage | Clicking element: ('accessibility id', 'cart badge')
2026-07-28 00:02:18 | INFO     | core.driver.driver_factory | Appium session closed. Session ID=e201336f-9ea1-41dd-aa3e-89e8877a1c1c
2026-07-28 00:02:18 | INFO     | conftest | Test session finished
2026-07-28 00:02:18 | INFO     | conftest | ======================================================================
2026-07-28 00:03:00 | INFO     | conftest | ======================================================================
2026-07-28 00:03:00 | INFO     | conftest | Starting new test session
2026-07-28 00:03:00 | INFO     | core.driver.driver_factory | Creating Android Appium session.
2026-07-28 00:03:00 | INFO     | core.driver.driver_factory | Device UDID: X8E6BQOVMJORTG89
2026-07-28 00:03:00 | INFO     | core.driver.driver_factory | Application package: com.saucelabs.mydemoapp.rn
2026-07-28 00:03:05 | INFO     | core.driver.driver_factory | Appium session created successfully. Session ID=a5c14c65-d0ec-4fcc-8a2f-8217d4a603d2
2026-07-28 00:03:05 | INFO     | core.driver.driver_factory | Appium session closed. Session ID=a5c14c65-d0ec-4fcc-8a2f-8217d4a603d2
2026-07-28 00:03:05 | INFO     | conftest | Test session finished
2026-07-28 00:03:05 | INFO     | conftest | ======================================================================
2026-07-28 00:03:05 | INFO     | conftest | ======================================================================
2026-07-28 00:03:05 | INFO     | conftest | Starting new test session
2026-07-28 00:03:05 | INFO     | core.driver.driver_factory | Creating Android Appium session.
2026-07-28 00:03:05 | INFO     | core.driver.driver_factory | Device UDID: X8E6BQOVMJORTG89
2026-07-28 00:03:05 | INFO     | core.driver.driver_factory | Application package: com.saucelabs.mydemoapp.rn
2026-07-28 00:03:09 | INFO     | core.driver.driver_factory | Appium session created successfully. Session ID=afd55045-a5fa-431c-bd3c-6d0549634c26
2026-07-28 00:03:09 | INFO     | ProductsPage | Clicking element: ('-android uiautomator', 'new UiSelector().text("Sauce Labs Backpack")')
2026-07-28 00:03:10 | INFO     | ProductDetailsPage | Clicking element: ('accessibility id', 'Add To Cart button')
2026-07-28 00:03:11 | INFO     | ProductDetailsPage | Clicking element: ('accessibility id', 'cart badge')
2026-07-28 00:03:14 | INFO     | core.driver.driver_factory | Appium session closed. Session ID=afd55045-a5fa-431c-bd3c-6d0549634c26
2026-07-28 00:03:14 | INFO     | conftest | Test session finished
2026-07-28 00:03:14 | INFO     | conftest | ======================================================================
2026-07-28 00:03:14 | INFO     | conftest | ======================================================================
2026-07-28 00:03:14 | INFO     | conftest | Starting new test session
2026-07-28 00:03:14 | INFO     | core.driver.driver_factory | Creating Android Appium session.
2026-07-28 00:03:14 | INFO     | core.driver.driver_factory | Device UDID: X8E6BQOVMJORTG89
2026-07-28 00:03:14 | INFO     | core.driver.driver_factory | Application package: com.saucelabs.mydemoapp.rn
2026-07-28 00:03:17 | INFO     | core.driver.driver_factory | Appium session created successfully. Session ID=81f900ad-bf38-4336-a0e2-da24ec9de234
2026-07-28 00:03:23 | ERROR    | core.waits.wait_utils | Element was not visible: ('accessibility id', 'products screen')
2026-07-28 00:03:23 | INFO     | core.reporting.screenshot_manager | Screenshot saved: C:\Users\satye\OneDrive\Desktop\Android7\AndroidAutomationFramework\screenshots\test_open_backpack_20260728_000323_283736.png
2026-07-28 00:03:23 | ERROR    | conftest | Failure screenshot captured: C:\Users\satye\OneDrive\Desktop\Android7\AndroidAutomationFramework\screenshots\test_open_backpack_20260728_000323_283736.png
2026-07-28 00:03:24 | INFO     | core.driver.driver_factory | Appium session closed. Session ID=81f900ad-bf38-4336-a0e2-da24ec9de234
2026-07-28 00:03:24 | INFO     | conftest | Test session finished
2026-07-28 00:03:24 | INFO     | conftest | ======================================================================
2026-07-28 00:03:24 | INFO     | conftest | ======================================================================
2026-07-28 00:03:24 | INFO     | conftest | Starting new test session
2026-07-28 00:03:24 | INFO     | core.driver.driver_factory | Creating Android Appium session.
2026-07-28 00:03:24 | INFO     | core.driver.driver_factory | Device UDID: X8E6BQOVMJORTG89
2026-07-28 00:03:24 | INFO     | core.driver.driver_factory | Application package: com.saucelabs.mydemoapp.rn
2026-07-28 00:03:28 | INFO     | core.driver.driver_factory | Appium session created successfully. Session ID=52e8ad86-6500-4508-8518-d86ea3fe714a
2026-07-28 00:03:28 | INFO     | ProductsPage | Clicking element: ('-android uiautomator', 'new UiSelector().text("Sauce Labs Backpack")')
2026-07-28 00:03:29 | INFO     | core.reporting.screenshot_manager | Screenshot saved: C:\Users\satye\OneDrive\Desktop\Android7\AndroidAutomationFramework\screenshots\test_default_quantity_is_one_20260728_000328_962407.png
2026-07-28 00:03:29 | ERROR    | conftest | Failure screenshot captured: C:\Users\satye\OneDrive\Desktop\Android7\AndroidAutomationFramework\screenshots\test_default_quantity_is_one_20260728_000328_962407.png
2026-07-28 00:03:30 | INFO     | core.driver.driver_factory | Appium session closed. Session ID=52e8ad86-6500-4508-8518-d86ea3fe714a
2026-07-28 00:03:30 | INFO     | conftest | Test session finished
2026-07-28 00:03:30 | INFO     | conftest | ======================================================================
2026-07-28 00:03:30 | INFO     | conftest | ======================================================================
2026-07-28 00:03:30 | INFO     | conftest | Starting new test session
2026-07-28 00:03:30 | INFO     | core.driver.driver_factory | Creating Android Appium session.
2026-07-28 00:03:30 | INFO     | core.driver.driver_factory | Device UDID: X8E6BQOVMJORTG89
2026-07-28 00:03:30 | INFO     | core.driver.driver_factory | Application package: com.saucelabs.mydemoapp.rn
2026-07-28 00:03:33 | INFO     | core.driver.driver_factory | Appium session created successfully. Session ID=8ea8bb7d-a031-463e-a143-11499673aced
2026-07-28 00:03:33 | INFO     | ProductsPage | Clicking element: ('-android uiautomator', 'new UiSelector().text("Sauce Labs Backpack")')
2026-07-28 00:03:34 | INFO     | core.reporting.screenshot_manager | Screenshot saved: C:\Users\satye\OneDrive\Desktop\Android7\AndroidAutomationFramework\screenshots\test_increase_product_quantity_20260728_000334_547501.png
2026-07-28 00:03:35 | ERROR    | conftest | Failure screenshot captured: C:\Users\satye\OneDrive\Desktop\Android7\AndroidAutomationFramework\screenshots\test_increase_product_quantity_20260728_000334_547501.png
2026-07-28 00:03:35 | INFO     | core.driver.driver_factory | Appium session closed. Session ID=8ea8bb7d-a031-463e-a143-11499673aced
2026-07-28 00:03:35 | INFO     | conftest | Test session finished
2026-07-28 00:03:35 | INFO     | conftest | ======================================================================
2026-07-28 00:03:35 | INFO     | conftest | ======================================================================
2026-07-28 00:03:35 | INFO     | conftest | Starting new test session
2026-07-28 00:03:35 | INFO     | core.driver.driver_factory | Creating Android Appium session.
2026-07-28 00:03:35 | INFO     | core.driver.driver_factory | Device UDID: X8E6BQOVMJORTG89
2026-07-28 00:03:35 | INFO     | core.driver.driver_factory | Application package: com.saucelabs.mydemoapp.rn
2026-07-28 00:03:39 | INFO     | core.driver.driver_factory | Appium session created successfully. Session ID=8cb03d00-288c-4883-a605-fcb61aac2c82
2026-07-28 00:03:44 | ERROR    | core.waits.wait_utils | Element was not visible: ('accessibility id', 'products screen')
2026-07-28 00:03:45 | INFO     | core.reporting.screenshot_manager | Screenshot saved: C:\Users\satye\OneDrive\Desktop\Android7\AndroidAutomationFramework\screenshots\test_products_screen_loads_20260728_000344_837706.png
2026-07-28 00:03:45 | ERROR    | conftest | Failure screenshot captured: C:\Users\satye\OneDrive\Desktop\Android7\AndroidAutomationFramework\screenshots\test_products_screen_loads_20260728_000344_837706.png
2026-07-28 00:03:45 | INFO     | core.driver.driver_factory | Appium session closed. Session ID=8cb03d00-288c-4883-a605-fcb61aac2c82
2026-07-28 00:03:45 | INFO     | conftest | Test session finished
2026-07-28 00:03:45 | INFO     | conftest | ======================================================================
2026-07-28 00:03:45 | INFO     | conftest | ======================================================================
2026-07-28 00:03:45 | INFO     | conftest | Starting new test session
2026-07-28 00:03:45 | INFO     | core.driver.driver_factory | Creating Android Appium session.
2026-07-28 00:03:45 | INFO     | core.driver.driver_factory | Device UDID: X8E6BQOVMJORTG89
2026-07-28 00:03:45 | INFO     | core.driver.driver_factory | Application package: com.saucelabs.mydemoapp.rn
2026-07-28 00:03:49 | INFO     | core.driver.driver_factory | Appium session created successfully. Session ID=08eef9ef-da85-452a-a953-c0d5b6ff06ac
2026-07-28 00:04:05 | ERROR    | core.waits.wait_utils | Element was not visible: ('-android uiautomator', 'new UiSelector().text("Products")')
2026-07-28 00:04:05 | INFO     | core.reporting.screenshot_manager | Screenshot saved: C:\Users\satye\OneDrive\Desktop\Android7\AndroidAutomationFramework\screenshots\test_products_title_20260728_000405_140576.png
2026-07-28 00:04:05 | ERROR    | conftest | Failure screenshot captured: C:\Users\satye\OneDrive\Desktop\Android7\AndroidAutomationFramework\screenshots\test_products_title_20260728_000405_140576.png
2026-07-28 00:04:06 | INFO     | core.driver.driver_factory | Appium session closed. Session ID=08eef9ef-da85-452a-a953-c0d5b6ff06ac
2026-07-28 00:04:06 | INFO     | conftest | Test session finished
2026-07-28 00:04:06 | INFO     | conftest | ======================================================================
2026-07-28 00:04:06 | INFO     | conftest | ======================================================================
2026-07-28 00:04:06 | INFO     | conftest | Starting new test session
2026-07-28 00:04:06 | INFO     | core.driver.driver_factory | Creating Android Appium session.
2026-07-28 00:04:06 | INFO     | core.driver.driver_factory | Device UDID: X8E6BQOVMJORTG89
2026-07-28 00:04:06 | INFO     | core.driver.driver_factory | Application package: com.saucelabs.mydemoapp.rn
2026-07-28 00:04:09 | INFO     | core.driver.driver_factory | Appium session created successfully. Session ID=42f33a25-f929-4b87-96b0-d429b8edc474
2026-07-28 00:04:10 | INFO     | core.driver.driver_factory | Appium session closed. Session ID=42f33a25-f929-4b87-96b0-d429b8edc474
2026-07-28 00:04:10 | INFO     | conftest | Test session finished
2026-07-28 00:04:10 | INFO     | conftest | ======================================================================
2026-07-28 00:10:19 | INFO     | conftest | ======================================================================
2026-07-28 00:10:19 | INFO     | conftest | Starting new test session
2026-07-28 00:10:19 | INFO     | core.driver.driver_factory | Creating Android Appium session.
2026-07-28 00:10:19 | INFO     | core.driver.driver_factory | Device UDID: X8E6BQOVMJORTG89
2026-07-28 00:10:19 | INFO     | core.driver.driver_factory | Application package: com.saucelabs.mydemoapp.rn
2026-07-28 00:10:25 | INFO     | core.driver.driver_factory | Appium session created successfully. Session ID=4400427f-844a-4d00-91f4-aed4760584e3
2026-07-28 00:10:25 | INFO     | conftest | Appium driver created. Session ID=4400427f-844a-4d00-91f4-aed4760584e3
2026-07-28 00:10:25 | INFO     | conftest | Preparing application for test execution.
2026-07-28 00:10:25 | INFO     | conftest | Application terminated successfully.
2026-07-28 00:10:26 | INFO     | conftest | Application activated successfully.
2026-07-28 00:10:26 | INFO     | ProductsPage | Clicking element: ('-android uiautomator', 'new UiSelector().text("Sauce Labs Backpack")')
2026-07-28 00:10:30 | INFO     | conftest | Application terminated during cleanup.
2026-07-28 00:10:30 | INFO     | core.driver.driver_factory | Appium session closed. Session ID=4400427f-844a-4d00-91f4-aed4760584e3
2026-07-28 00:10:30 | INFO     | conftest | Test session finished
2026-07-28 00:10:30 | INFO     | conftest | ======================================================================
2026-07-28 00:10:47 | INFO     | conftest | ======================================================================
2026-07-28 00:10:47 | INFO     | conftest | Starting new test session
2026-07-28 00:10:47 | INFO     | core.driver.driver_factory | Creating Android Appium session.
2026-07-28 00:10:47 | INFO     | core.driver.driver_factory | Device UDID: X8E6BQOVMJORTG89
2026-07-28 00:10:47 | INFO     | core.driver.driver_factory | Application package: com.saucelabs.mydemoapp.rn
2026-07-28 00:10:52 | INFO     | core.driver.driver_factory | Appium session created successfully. Session ID=d8c91bcf-7771-462c-934b-79f71e9e37bc
2026-07-28 00:10:52 | INFO     | conftest | Appium driver created. Session ID=d8c91bcf-7771-462c-934b-79f71e9e37bc
2026-07-28 00:10:52 | INFO     | conftest | Preparing application for test execution.
2026-07-28 00:10:52 | INFO     | conftest | Application terminated successfully.
2026-07-28 00:10:53 | INFO     | conftest | Application activated successfully.
2026-07-28 00:10:53 | INFO     | ProductsPage | Clicking element: ('-android uiautomator', 'new UiSelector().text("Sauce Labs Backpack")')
2026-07-28 00:10:57 | INFO     | conftest | Application terminated during cleanup.
2026-07-28 00:10:57 | INFO     | core.driver.driver_factory | Appium session closed. Session ID=d8c91bcf-7771-462c-934b-79f71e9e37bc
2026-07-28 00:10:57 | INFO     | conftest | Test session finished
2026-07-28 00:10:57 | INFO     | conftest | ======================================================================
2026-07-28 00:11:11 | INFO     | conftest | ======================================================================
2026-07-28 00:11:11 | INFO     | conftest | Starting new test session
2026-07-28 00:11:11 | INFO     | core.driver.driver_factory | Creating Android Appium session.
2026-07-28 00:11:11 | INFO     | core.driver.driver_factory | Device UDID: X8E6BQOVMJORTG89
2026-07-28 00:11:11 | INFO     | core.driver.driver_factory | Application package: com.saucelabs.mydemoapp.rn
2026-07-28 00:11:16 | INFO     | core.driver.driver_factory | Appium session created successfully. Session ID=37e55e34-ed32-4525-8260-f1a9ecb96b91
2026-07-28 00:11:16 | INFO     | conftest | Appium driver created. Session ID=37e55e34-ed32-4525-8260-f1a9ecb96b91
2026-07-28 00:11:16 | INFO     | conftest | Preparing application for test execution.
2026-07-28 00:11:17 | INFO     | conftest | Application terminated successfully.
2026-07-28 00:11:17 | INFO     | conftest | Application activated successfully.
2026-07-28 00:11:17 | INFO     | ProductsPage | Clicking element: ('-android uiautomator', 'new UiSelector().text("Sauce Labs Backpack")')
2026-07-28 00:11:19 | INFO     | ProductDetailsPage | Clicking element: ('accessibility id', 'counter plus button')
2026-07-28 00:11:21 | INFO     | ProductDetailsPage | Clicking element: ('accessibility id', 'counter plus button')
2026-07-28 00:11:21 | INFO     | ProductDetailsPage | Clicking element: ('accessibility id', 'counter plus button')
2026-07-28 00:11:23 | INFO     | conftest | Application terminated during cleanup.
2026-07-28 00:11:23 | INFO     | core.driver.driver_factory | Appium session closed. Session ID=37e55e34-ed32-4525-8260-f1a9ecb96b91
2026-07-28 00:11:23 | INFO     | conftest | Test session finished
2026-07-28 00:11:23 | INFO     | conftest | ======================================================================
2026-07-28 00:12:04 | INFO     | conftest | ======================================================================
2026-07-28 00:12:04 | INFO     | conftest | Starting new test session
2026-07-28 00:12:04 | INFO     | core.driver.driver_factory | Creating Android Appium session.
2026-07-28 00:12:04 | INFO     | core.driver.driver_factory | Device UDID: X8E6BQOVMJORTG89
2026-07-28 00:12:04 | INFO     | core.driver.driver_factory | Application package: com.saucelabs.mydemoapp.rn
2026-07-28 00:12:08 | INFO     | core.driver.driver_factory | Appium session created successfully. Session ID=e3ffb242-fe90-4360-891a-4da10f8c37c3
2026-07-28 00:12:08 | INFO     | conftest | Appium driver created. Session ID=e3ffb242-fe90-4360-891a-4da10f8c37c3
2026-07-28 00:12:08 | INFO     | conftest | Preparing application for test execution.
2026-07-28 00:12:08 | INFO     | conftest | Application terminated successfully.
2026-07-28 00:12:09 | INFO     | conftest | Application activated successfully.
2026-07-28 00:12:09 | INFO     | ProductsPage | Clicking element: ('-android uiautomator', 'new UiSelector().text("Sauce Labs Backpack")')
2026-07-28 00:12:10 | INFO     | ProductDetailsPage | Clicking element: ('accessibility id', 'Add To Cart button')
2026-07-28 00:12:11 | INFO     | ProductDetailsPage | Clicking element: ('accessibility id', 'cart badge')
2026-07-28 00:12:13 | INFO     | CartPage | Clicking element: ('accessibility id', 'Proceed To Checkout button')
2026-07-28 00:12:19 | ERROR    | core.waits.wait_utils | Element was not visible: ('accessibility id', 'login screen')
2026-07-28 00:12:19 | INFO     | core.reporting.screenshot_manager | Screenshot saved: C:\Users\satye\OneDrive\Desktop\Android7\AndroidAutomationFramework\screenshots\test_valid_login_during_checkout_20260728_001219_252026.png
2026-07-28 00:12:19 | ERROR    | conftest | Failure screenshot captured: C:\Users\satye\OneDrive\Desktop\Android7\AndroidAutomationFramework\screenshots\test_valid_login_during_checkout_20260728_001219_252026.png
2026-07-28 00:12:20 | INFO     | conftest | Application terminated during cleanup.
2026-07-28 00:12:21 | INFO     | core.driver.driver_factory | Appium session closed. Session ID=e3ffb242-fe90-4360-891a-4da10f8c37c3
2026-07-28 00:12:21 | INFO     | conftest | Test session finished
2026-07-28 00:12:21 | INFO     | conftest | ======================================================================
2026-07-28 00:13:11 | INFO     | conftest | ======================================================================
2026-07-28 00:13:11 | INFO     | conftest | Starting new test session
2026-07-28 00:13:11 | INFO     | core.driver.driver_factory | Creating Android Appium session.
2026-07-28 00:13:11 | INFO     | core.driver.driver_factory | Device UDID: X8E6BQOVMJORTG89
2026-07-28 00:13:11 | INFO     | core.driver.driver_factory | Application package: com.saucelabs.mydemoapp.rn
2026-07-28 00:13:15 | INFO     | core.driver.driver_factory | Appium session created successfully. Session ID=c48550e3-3ff7-4501-9869-552cafad0b33
2026-07-28 00:13:15 | INFO     | conftest | Appium driver created. Session ID=c48550e3-3ff7-4501-9869-552cafad0b33
2026-07-28 00:13:15 | INFO     | conftest | Preparing application for test execution.
2026-07-28 00:13:16 | INFO     | conftest | Application terminated successfully.
2026-07-28 00:13:16 | INFO     | conftest | Application activated successfully.
2026-07-28 00:13:16 | INFO     | ProductsPage | Clicking element: ('-android uiautomator', 'new UiSelector().text("Sauce Labs Backpack")')
2026-07-28 00:13:18 | INFO     | ProductDetailsPage | Clicking element: ('accessibility id', 'Add To Cart button')
2026-07-28 00:13:19 | INFO     | ProductDetailsPage | Clicking element: ('accessibility id', 'cart badge')
2026-07-28 00:13:21 | INFO     | CartPage | Clicking element: ('accessibility id', 'Proceed To Checkout button')
2026-07-28 00:13:27 | ERROR    | core.waits.wait_utils | Element was not visible: ('accessibility id', 'login screen')
2026-07-28 00:13:27 | INFO     | core.reporting.screenshot_manager | Screenshot saved: C:\Users\satye\OneDrive\Desktop\Android7\AndroidAutomationFramework\screenshots\test_valid_login_during_checkout_20260728_001327_213716.png
2026-07-28 00:13:27 | ERROR    | conftest | Failure screenshot captured: C:\Users\satye\OneDrive\Desktop\Android7\AndroidAutomationFramework\screenshots\test_valid_login_during_checkout_20260728_001327_213716.png
2026-07-28 00:13:28 | INFO     | conftest | Application terminated during cleanup.
2026-07-28 00:13:28 | INFO     | core.driver.driver_factory | Appium session closed. Session ID=c48550e3-3ff7-4501-9869-552cafad0b33
2026-07-28 00:13:28 | INFO     | conftest | Test session finished
2026-07-28 00:13:28 | INFO     | conftest | ======================================================================
2026-07-28 00:19:33 | INFO     | conftest | ======================================================================
2026-07-28 00:19:33 | INFO     | conftest | Starting new test session
2026-07-28 00:19:33 | INFO     | core.driver.driver_factory | Creating Android Appium session.
2026-07-28 00:19:33 | INFO     | core.driver.driver_factory | Device UDID: X8E6BQOVMJORTG89
2026-07-28 00:19:33 | INFO     | core.driver.driver_factory | Application package: com.saucelabs.mydemoapp.rn
2026-07-28 00:19:38 | INFO     | core.driver.driver_factory | Appium session created successfully. Session ID=3bba9c47-6193-4e63-8938-f34fa1a1a9f6
2026-07-28 00:19:38 | INFO     | conftest | Appium driver created. Session ID=3bba9c47-6193-4e63-8938-f34fa1a1a9f6
2026-07-28 00:19:38 | INFO     | conftest | Preparing application for test execution.
2026-07-28 00:19:39 | INFO     | conftest | Application terminated successfully.
2026-07-28 00:19:39 | INFO     | conftest | Application activated successfully.
2026-07-28 00:19:39 | INFO     | ProductsPage | Clicking element: ('-android uiautomator', 'new UiSelector().text("Sauce Labs Backpack")')
2026-07-28 00:19:41 | INFO     | ProductDetailsPage | Clicking element: ('accessibility id', 'Add To Cart button')
2026-07-28 00:19:43 | INFO     | ProductDetailsPage | Clicking element: ('accessibility id', 'cart badge')
2026-07-28 00:19:45 | INFO     | CartPage | Clicking element: ('accessibility id', 'Proceed To Checkout button')
2026-07-28 00:19:56 | ERROR    | core.waits.wait_utils | Element was not visible: ('accessibility id', 'Username input field')
2026-07-28 00:20:02 | ERROR    | core.waits.wait_utils | Element was not visible: ('accessibility id', 'Password input field')
2026-07-28 00:20:07 | ERROR    | core.waits.wait_utils | Element was not visible: ('accessibility id', 'Login button')
2026-07-28 00:20:08 | INFO     | core.reporting.screenshot_manager | Screenshot saved: C:\Users\satye\OneDrive\Desktop\Android7\AndroidAutomationFramework\screenshots\test_valid_login_during_checkout_20260728_002007_914400.png
2026-07-28 00:20:08 | ERROR    | conftest | Failure screenshot captured: C:\Users\satye\OneDrive\Desktop\Android7\AndroidAutomationFramework\screenshots\test_valid_login_during_checkout_20260728_002007_914400.png
2026-07-28 00:20:09 | INFO     | conftest | Application terminated during cleanup.
2026-07-28 00:20:09 | INFO     | core.driver.driver_factory | Appium session closed. Session ID=3bba9c47-6193-4e63-8938-f34fa1a1a9f6
2026-07-28 00:20:09 | INFO     | conftest | Test session finished
2026-07-28 00:20:09 | INFO     | conftest | ======================================================================
2026-07-28 00:43:33 | INFO     | conftest | ======================================================================
2026-07-28 00:43:33 | INFO     | conftest | Starting new test session
2026-07-28 00:43:33 | INFO     | core.driver.driver_factory | Creating Android Appium session.
2026-07-28 00:43:33 | INFO     | core.driver.driver_factory | Device UDID: X8E6BQOVMJORTG89
2026-07-28 00:43:33 | INFO     | core.driver.driver_factory | Application package: com.saucelabs.mydemoapp.rn
2026-07-28 00:43:39 | INFO     | core.driver.driver_factory | Appium session created successfully. Session ID=6e68133c-b600-4706-87b7-af3bc6335276
2026-07-28 00:43:39 | INFO     | conftest | Appium driver created. Session ID=6e68133c-b600-4706-87b7-af3bc6335276
2026-07-28 00:43:39 | INFO     | conftest | Preparing application for test execution.
2026-07-28 00:43:40 | INFO     | conftest | Application terminated successfully.
2026-07-28 00:43:40 | INFO     | conftest | Application activated successfully.
2026-07-28 00:43:43 | INFO     | ProductsPage | Clicking element: ('-android uiautomator', 'new UiSelector().text("Sauce Labs Backpack")')
2026-07-28 00:43:43 | INFO     | ProductDetailsPage | Clicking element: ('accessibility id', 'Add To Cart button')
2026-07-28 00:43:44 | INFO     | ProductDetailsPage | Clicking element: ('accessibility id', 'cart badge')
2026-07-28 00:43:45 | INFO     | CartPage | Clicking element: ('accessibility id', 'Proceed To Checkout button')
2026-07-28 00:43:55 | ERROR    | core.waits.wait_utils | Element was not visible: ('accessibility id', 'Username input field')
2026-07-28 00:44:01 | ERROR    | core.waits.wait_utils | Element was not visible: ('accessibility id', 'Password input field')
2026-07-28 00:44:06 | ERROR    | core.waits.wait_utils | Element was not visible: ('accessibility id', 'Login button')
2026-07-28 00:44:26 | ERROR    | core.driver.driver_factory | Error while closing Appium driver.
Traceback (most recent call last):
  File "C:\Users\satye\OneDrive\Desktop\Android7\AndroidAutomationFramework\core\driver\driver_factory.py", line 80, in quit_driver
    driver.quit()
  File "C:\Users\satye\OneDrive\Desktop\Android7\AndroidAutomationFramework\.venv\Lib\site-packages\selenium\webdriver\remote\webdriver.py", line 616, in quit
    self.execute(Command.QUIT)
  File "C:\Users\satye\OneDrive\Desktop\Android7\AndroidAutomationFramework\.venv\Lib\site-packages\selenium\webdriver\remote\webdriver.py", line 458, in execute
    self.error_handler.check_response(response)
  File "C:\Users\satye\OneDrive\Desktop\Android7\AndroidAutomationFramework\.venv\Lib\site-packages\appium\webdriver\errorhandler.py", line 125, in check_response
    raise exception_class(msg=message, stacktrace=format_stacktrace(stacktrace))
selenium.common.exceptions.WebDriverException: Message: Error executing adbExec. Original error: 'Command ''C:\Users\satye\AppData\Local\Android\Sdk\platform-tools\adb.exe' -P 5037 -s X8E6BQOVMJORTG89 shell 'settings delete global hidden_api_policy_pre_p_apps;settings delete global hidden_api_policy_p_apps;settings delete global hidden_api_policy'' exited with code 1'; Command output: adb.exe: device 'X8E6BQOVMJORTG89' not found

Stacktrace:
UnknownError: Error executing adbExec. Original error: 'Command ''C:\Users\satye\AppData\Local\Android\Sdk\platform-tools\adb.exe' -P 5037 -s X8E6BQOVMJORTG89 shell 'settings delete global hidden_api_policy_pre_p_apps;settings delete global hidden_api_policy_p_apps;settings delete global hidden_api_policy'' exited with code 1'; Command output: adb.exe: device 'X8E6BQOVMJORTG89' not found

    at getResponseForW3CError (C:\Users\satye\AppData\Roaming\npm\node_modules\appium\node_modules\@appium\base-driver\build\lib\protocol\errors.js:829:36)
    at asyncHandler (C:\Users\satye\AppData\Roaming\npm\node_modules\appium\node_modules\@appium\base-driver\build\lib\protocol\protocol.js:474:77)
    at process.processTicksAndRejections (node:internal/process/task_queues:104:5)
The above error is caused by
Error: Error executing adbExec. Original error: 'Command ''C:\Users\satye\AppData\Local\Android\Sdk\platform-tools\adb.exe' -P 5037 -s X8E6BQOVMJORTG89 shell 'settings delete global hidden_api_policy_pre_p_apps;settings delete global hidden_api_policy_p_apps;settings delete global hidden_api_policy'' exited with code 1'; Command output: adb.exe: device 'X8E6BQOVMJORTG89' not found

    at ChildProcess.<anonymous> (C:\Users\satye\.appium\node_modules\appium-uiautomator2-driver\node_modules\teen_process\build\lib\exec.js:116:43)
    at ChildProcess.emit (node:events:508:28)
    at maybeClose (node:internal/child_process:1100:16)
    at ChildProcess._handle.onexit (node:internal/child_process:305:5)
2026-07-28 00:44:26 | INFO     | conftest | Test session finished
2026-07-28 00:44:26 | INFO     | conftest | ======================================================================
2026-07-28 00:46:14 | INFO     | conftest | ======================================================================
2026-07-28 00:46:14 | INFO     | conftest | Starting new test session
2026-07-28 00:46:14 | INFO     | core.driver.driver_factory | Creating Android Appium session.
2026-07-28 00:46:14 | INFO     | core.driver.driver_factory | Device UDID: X8E6BQOVMJORTG89
2026-07-28 00:46:14 | INFO     | core.driver.driver_factory | Application package: com.saucelabs.mydemoapp.rn
2026-07-28 00:46:34 | ERROR    | core.driver.driver_factory | Unable to create Appium session.
Traceback (most recent call last):
  File "C:\Users\satye\OneDrive\Desktop\Android7\AndroidAutomationFramework\core\driver\driver_factory.py", line 47, in create_android_driver
    driver = webdriver.Remote(
             ^^^^^^^^^^^^^^^^^
  File "C:\Users\satye\OneDrive\Desktop\Android7\AndroidAutomationFramework\.venv\Lib\site-packages\appium\webdriver\webdriver.py", line 251, in __init__
    super().__init__(
  File "C:\Users\satye\OneDrive\Desktop\Android7\AndroidAutomationFramework\.venv\Lib\site-packages\selenium\webdriver\remote\webdriver.py", line 263, in __init__
    self.start_session(capabilities)
  File "C:\Users\satye\OneDrive\Desktop\Android7\AndroidAutomationFramework\.venv\Lib\site-packages\appium\webdriver\webdriver.py", line 345, in start_session
    response = self.execute(RemoteCommand.NEW_SESSION, w3c_caps)
               ^^^^^^^^^^^^^^^^^^^^^^^^^^^^^^^^^^^^^^^^^^^^^^^^^
  File "C:\Users\satye\OneDrive\Desktop\Android7\AndroidAutomationFramework\.venv\Lib\site-packages\selenium\webdriver\remote\webdriver.py", line 458, in execute
    self.error_handler.check_response(response)
  File "C:\Users\satye\OneDrive\Desktop\Android7\AndroidAutomationFramework\.venv\Lib\site-packages\selenium\webdriver\remote\errorhandler.py", line 232, in check_response
    raise exception_class(message, screen, stacktrace)
selenium.common.exceptions.WebDriverException: Message: Could not find a connected Android device in 20000ms
Stacktrace:
UnknownError: Could not find a connected Android device in 20000ms
    at getResponseForW3CError (C:\Users\satye\AppData\Roaming\npm\node_modules\appium\node_modules\@appium\base-driver\build\lib\protocol\errors.js:829:36)
    at asyncHandler (C:\Users\satye\AppData\Roaming\npm\node_modules\appium\node_modules\@appium\base-driver\build\lib\protocol\protocol.js:474:77)
    at process.processTicksAndRejections (node:internal/process/task_queues:104:5)
The above error is caused by
Error: Could not find a connected Android device in 20000ms
    at ADB.getDevicesWithRetry (file:///C:/Users/satye/.appium/node_modules/appium-uiautomator2-driver/node_modules/appium-adb/build/lib/tools/system-calls.js:297:19)
    at process.processTicksAndRejections (node:internal/process/task_queues:104:5)
    at async AndroidUiautomator2Driver.getDeviceInfoFromCaps (file:///C:/Users/satye/.appium/node_modules/appium-uiautomator2-driver/node_modules/appium-android-driver/build/lib/commands/device/common.js:32:25)
    at async AndroidUiautomator2Driver.createSession (file:///C:/Users/satye/.appium/node_modules/appium-uiautomator2-driver/build/lib/driver.js:271:38)
    at async AppiumDriver.createSession (C:\Users\satye\AppData\Roaming\npm\node_modules\appium\build\lib\appium.js:270:44)
    at async runCommandPromise (C:\Users\satye\AppData\Roaming\npm\node_modules\appium\node_modules\@appium\base-driver\build\lib\basedriver\driver.js:119:24)
    at async AppiumDriver.executeCommand (C:\Users\satye\AppData\Roaming\npm\node_modules\appium\node_modules\@appium\base-driver\build\lib\basedriver\driver.js:160:15)
    at async defaultBehavior (C:\Users\satye\AppData\Roaming\npm\node_modules\appium\build\lib\appium.js:579:24)
    at async AppiumDriver.executeWrappedCommand (C:\Users\satye\AppData\Roaming\npm\node_modules\appium\build\lib\appium.js:687:22)
    at async AppiumDriver.executeCommand (C:\Users\satye\AppData\Roaming\npm\node_modules\appium\build\lib\appium.js:595:21)
    at async asyncHandler (C:\Users\satye\AppData\Roaming\npm\node_modules\appium\node_modules\@appium\base-driver\build\lib\protocol\protocol.js:393:25)
2026-07-28 00:46:34 | INFO     | conftest | Test session finished
2026-07-28 00:46:34 | INFO     | conftest | ======================================================================
2026-07-28 00:48:45 | INFO     | conftest | ======================================================================
2026-07-28 00:48:45 | INFO     | conftest | Starting new test session
2026-07-28 00:48:45 | INFO     | core.driver.driver_factory | Creating Android Appium session.
2026-07-28 00:48:45 | INFO     | core.driver.driver_factory | Device UDID: X8E6BQOVMJORTG89
2026-07-28 00:48:45 | INFO     | core.driver.driver_factory | Application package: com.saucelabs.mydemoapp.rn
2026-07-28 00:48:50 | INFO     | core.driver.driver_factory | Appium session created successfully. Session ID=2e4c03ba-a74f-4485-96ab-8e8f7e698b24
2026-07-28 00:48:50 | INFO     | conftest | Appium driver created. Session ID=2e4c03ba-a74f-4485-96ab-8e8f7e698b24
2026-07-28 00:48:50 | INFO     | conftest | Preparing application for test execution.
2026-07-28 00:48:51 | INFO     | conftest | Application terminated successfully.
2026-07-28 00:48:51 | INFO     | conftest | Application activated successfully.
2026-07-28 00:48:53 | INFO     | ProductsPage | Clicking element: ('-android uiautomator', 'new UiSelector().text("Sauce Labs Backpack")')
2026-07-28 00:48:53 | INFO     | ProductDetailsPage | Clicking element: ('accessibility id', 'Add To Cart button')
2026-07-28 00:48:54 | INFO     | ProductDetailsPage | Clicking element: ('accessibility id', 'cart badge')
2026-07-28 00:48:56 | INFO     | CartPage | Clicking element: ('accessibility id', 'Proceed To Checkout button')
2026-07-28 00:48:58 | INFO     | LoginPage | Typing into element: ('accessibility id', 'Username input field')
2026-07-28 00:48:58 | INFO     | LoginPage | Typing into element: ('accessibility id', 'Password input field')
2026-07-28 00:49:00 | INFO     | LoginPage | Clicking element: ('accessibility id', 'Login button')
2026-07-28 00:49:03 | INFO     | conftest | Application terminated during cleanup.
2026-07-28 00:49:03 | INFO     | core.driver.driver_factory | Appium session closed. Session ID=2e4c03ba-a74f-4485-96ab-8e8f7e698b24
2026-07-28 00:49:03 | INFO     | conftest | Test session finished
2026-07-28 00:49:03 | INFO     | conftest | ======================================================================
2026-07-28 00:53:37 | INFO     | conftest | ======================================================================
2026-07-28 00:53:37 | INFO     | conftest | Starting new test session
2026-07-28 00:53:37 | INFO     | core.driver.driver_factory | Creating Android Appium session.
2026-07-28 00:53:37 | INFO     | core.driver.driver_factory | Device UDID: X8E6BQOVMJORTG89
2026-07-28 00:53:37 | INFO     | core.driver.driver_factory | Application package: com.saucelabs.mydemoapp.rn
2026-07-28 00:53:43 | INFO     | core.driver.driver_factory | Appium session created successfully. Session ID=4442470d-7703-4c91-b8f1-db50f76dcdaa
2026-07-28 00:53:43 | INFO     | conftest | Appium driver created. Session ID=4442470d-7703-4c91-b8f1-db50f76dcdaa
2026-07-28 00:53:43 | INFO     | conftest | Preparing application for test execution.
2026-07-28 00:53:43 | INFO     | conftest | Application terminated successfully.
2026-07-28 00:53:44 | INFO     | conftest | Application activated successfully.
2026-07-28 00:53:45 | INFO     | ProductsPage | Clicking element: ('-android uiautomator', 'new UiSelector().text("Sauce Labs Backpack")')
2026-07-28 00:53:47 | INFO     | ProductDetailsPage | Clicking element: ('accessibility id', 'Add To Cart button')
2026-07-28 00:53:48 | INFO     | ProductsPage | Clicking element: ('-android uiautomator', 'new UiSelector().text("Sauce Labs Bike Light")')
2026-07-28 00:53:50 | INFO     | ProductDetailsPage | Clicking element: ('accessibility id', 'counter plus button')
2026-07-28 00:53:50 | INFO     | ProductDetailsPage | Clicking element: ('accessibility id', 'Add To Cart button')
2026-07-28 00:53:52 | INFO     | ProductsPage | Clicking element: ('-android uiautomator', 'new UiSelector().text("Sauce Labs Bolt T-Shirt")')
2026-07-28 00:53:54 | INFO     | ProductDetailsPage | Clicking element: ('accessibility id', 'counter plus button')
2026-07-28 00:53:54 | INFO     | ProductDetailsPage | Clicking element: ('accessibility id', 'counter plus button')
2026-07-28 00:53:55 | INFO     | ProductDetailsPage | Clicking element: ('accessibility id', 'counter plus button')
2026-07-28 00:53:57 | INFO     | ProductDetailsPage | Clicking element: ('accessibility id', 'Add To Cart button')
2026-07-28 00:53:57 | INFO     | ProductDetailsPage | Clicking element: ('accessibility id', 'cart badge')
2026-07-28 00:53:59 | INFO     | CartPage | Clicking element: ('accessibility id', 'Proceed To Checkout button')
2026-07-28 00:54:10 | ERROR    | core.waits.wait_utils | Element was not visible: ('accessibility id', 'Username input field')
2026-07-28 00:54:15 | ERROR    | core.waits.wait_utils | Element was not visible: ('accessibility id', 'Password input field')
2026-07-28 00:54:20 | ERROR    | core.waits.wait_utils | Element was not visible: ('accessibility id', 'Login button')
2026-07-28 00:54:21 | INFO     | core.reporting.screenshot_manager | Screenshot saved: C:\Users\satye\OneDrive\Desktop\Android7\AndroidAutomationFramework\screenshots\test_complete_purchase_and_logout_20260728_005421_033047.png
2026-07-28 00:54:21 | ERROR    | conftest | Failure screenshot captured: C:\Users\satye\OneDrive\Desktop\Android7\AndroidAutomationFramework\screenshots\test_complete_purchase_and_logout_20260728_005421_033047.png
2026-07-28 00:54:22 | INFO     | conftest | Application terminated during cleanup.
2026-07-28 00:54:22 | INFO     | core.driver.driver_factory | Appium session closed. Session ID=4442470d-7703-4c91-b8f1-db50f76dcdaa
2026-07-28 00:54:22 | INFO     | conftest | Test session finished
2026-07-28 00:54:22 | INFO     | conftest | ======================================================================
2026-07-28 00:54:47 | INFO     | conftest | ======================================================================
2026-07-28 00:54:47 | INFO     | conftest | Starting new test session
2026-07-28 00:54:47 | INFO     | core.driver.driver_factory | Creating Android Appium session.
2026-07-28 00:54:47 | INFO     | core.driver.driver_factory | Device UDID: X8E6BQOVMJORTG89
2026-07-28 00:54:47 | INFO     | core.driver.driver_factory | Application package: com.saucelabs.mydemoapp.rn
2026-07-28 00:54:51 | INFO     | core.driver.driver_factory | Appium session created successfully. Session ID=a08ebd75-e915-42fa-b21e-507d1014f80f
2026-07-28 00:54:51 | INFO     | conftest | Appium driver created. Session ID=a08ebd75-e915-42fa-b21e-507d1014f80f
2026-07-28 00:54:51 | INFO     | conftest | Preparing application for test execution.
2026-07-28 00:54:52 | INFO     | conftest | Application terminated successfully.
2026-07-28 00:54:52 | INFO     | conftest | Application activated successfully.
2026-07-28 00:54:54 | INFO     | ProductsPage | Clicking element: ('-android uiautomator', 'new UiSelector().text("Sauce Labs Backpack")')
2026-07-28 00:54:55 | INFO     | ProductDetailsPage | Clicking element: ('accessibility id', 'Add To Cart button')
2026-07-28 00:54:57 | INFO     | ProductsPage | Clicking element: ('-android uiautomator', 'new UiSelector().text("Sauce Labs Bike Light")')
2026-07-28 00:54:58 | INFO     | ProductDetailsPage | Clicking element: ('accessibility id', 'counter plus button')
2026-07-28 00:54:59 | INFO     | ProductDetailsPage | Clicking element: ('accessibility id', 'Add To Cart button')
2026-07-28 00:55:00 | INFO     | ProductsPage | Clicking element: ('-android uiautomator', 'new UiSelector().text("Sauce Labs Bolt T-Shirt")')
2026-07-28 00:55:02 | INFO     | ProductDetailsPage | Clicking element: ('accessibility id', 'counter plus button')
2026-07-28 00:55:02 | INFO     | ProductDetailsPage | Clicking element: ('accessibility id', 'counter plus button')
2026-07-28 00:55:03 | INFO     | ProductDetailsPage | Clicking element: ('accessibility id', 'counter plus button')
2026-07-28 00:55:05 | INFO     | ProductDetailsPage | Clicking element: ('accessibility id', 'Add To Cart button')
2026-07-28 00:55:05 | INFO     | ProductDetailsPage | Clicking element: ('accessibility id', 'cart badge')
2026-07-28 00:55:07 | INFO     | CartPage | Clicking element: ('accessibility id', 'Proceed To Checkout button')
2026-07-28 00:55:09 | INFO     | LoginPage | Typing into element: ('accessibility id', 'Username input field')
2026-07-28 00:55:09 | INFO     | LoginPage | Typing into element: ('accessibility id', 'Password input field')
2026-07-28 00:55:11 | INFO     | LoginPage | Clicking element: ('accessibility id', 'Login button')
2026-07-28 00:55:13 | INFO     | core.reporting.screenshot_manager | Screenshot saved: C:\Users\satye\OneDrive\Desktop\Android7\AndroidAutomationFramework\screenshots\test_complete_purchase_and_logout_20260728_005513_402578.png
2026-07-28 00:55:13 | ERROR    | conftest | Failure screenshot captured: C:\Users\satye\OneDrive\Desktop\Android7\AndroidAutomationFramework\screenshots\test_complete_purchase_and_logout_20260728_005513_402578.png
2026-07-28 00:55:14 | INFO     | conftest | Application terminated during cleanup.
2026-07-28 00:55:15 | INFO     | core.driver.driver_factory | Appium session closed. Session ID=a08ebd75-e915-42fa-b21e-507d1014f80f
2026-07-28 00:55:15 | INFO     | conftest | Test session finished
2026-07-28 00:55:15 | INFO     | conftest | ======================================================================
2026-07-28 00:58:29 | INFO     | conftest | ======================================================================
2026-07-28 00:58:29 | INFO     | conftest | Starting new test session
2026-07-28 00:58:29 | INFO     | core.driver.driver_factory | Creating Android Appium session.
2026-07-28 00:58:29 | INFO     | core.driver.driver_factory | Device UDID: X8E6BQOVMJORTG89
2026-07-28 00:58:29 | INFO     | core.driver.driver_factory | Application package: com.saucelabs.mydemoapp.rn
2026-07-28 00:58:34 | INFO     | core.driver.driver_factory | Appium session created successfully. Session ID=2a395c38-f265-485f-8882-67e1db2b0c3c
2026-07-28 00:58:34 | INFO     | conftest | Appium driver created. Session ID=2a395c38-f265-485f-8882-67e1db2b0c3c
2026-07-28 00:58:34 | INFO     | conftest | Preparing application for test execution.
2026-07-28 00:58:34 | INFO     | conftest | Application terminated successfully.
2026-07-28 00:58:35 | INFO     | conftest | Application activated successfully.
2026-07-28 00:58:37 | INFO     | ProductsPage | Clicking element: ('-android uiautomator', 'new UiSelector().text("Sauce Labs Backpack")')
2026-07-28 00:58:38 | INFO     | ProductDetailsPage | Clicking element: ('accessibility id', 'Add To Cart button')
2026-07-28 00:58:39 | INFO     | ProductsPage | Clicking element: ('-android uiautomator', 'new UiSelector().text("Sauce Labs Bike Light")')
2026-07-28 00:58:41 | INFO     | ProductDetailsPage | Clicking element: ('accessibility id', 'counter plus button')
2026-07-28 00:58:41 | INFO     | ProductDetailsPage | Clicking element: ('accessibility id', 'Add To Cart button')
2026-07-28 00:58:43 | INFO     | ProductsPage | Clicking element: ('-android uiautomator', 'new UiSelector().text("Sauce Labs Bolt T-Shirt")')
2026-07-28 00:58:45 | INFO     | ProductDetailsPage | Clicking element: ('accessibility id', 'counter plus button')
2026-07-28 00:58:45 | INFO     | ProductDetailsPage | Clicking element: ('accessibility id', 'counter plus button')
2026-07-28 00:58:46 | INFO     | ProductDetailsPage | Clicking element: ('accessibility id', 'counter plus button')
2026-07-28 00:58:47 | INFO     | ProductDetailsPage | Clicking element: ('accessibility id', 'Add To Cart button')
2026-07-28 00:58:47 | INFO     | ProductDetailsPage | Clicking element: ('accessibility id', 'cart badge')
2026-07-28 00:58:49 | INFO     | CartPage | Clicking element: ('accessibility id', 'Proceed To Checkout button')
2026-07-28 00:58:51 | INFO     | LoginPage | Typing into element: ('accessibility id', 'Username input field')
2026-07-28 00:58:52 | INFO     | LoginPage | Typing into element: ('accessibility id', 'Password input field')
2026-07-28 00:58:54 | INFO     | LoginPage | Clicking element: ('accessibility id', 'Login button')
2026-07-28 00:58:55 | INFO     | CheckoutAddressPage | Typing into element: ('accessibility id', 'Full Name* input field')
2026-07-28 00:58:57 | INFO     | CheckoutAddressPage | Typing into element: ('accessibility id', 'Address Line 1* input field')
2026-07-28 00:58:59 | INFO     | CheckoutAddressPage | Typing into element: ('accessibility id', 'Address Line 2 input field')
2026-07-28 00:59:01 | INFO     | CheckoutAddressPage | Typing into element: ('accessibility id', 'City* input field')
2026-07-28 00:59:03 | INFO     | core.reporting.screenshot_manager | Screenshot saved: C:\Users\satye\OneDrive\Desktop\Android7\AndroidAutomationFramework\screenshots\test_complete_purchase_and_logout_20260728_005903_410891.png
2026-07-28 00:59:03 | ERROR    | conftest | Failure screenshot captured: C:\Users\satye\OneDrive\Desktop\Android7\AndroidAutomationFramework\screenshots\test_complete_purchase_and_logout_20260728_005903_410891.png
2026-07-28 00:59:04 | INFO     | conftest | Application terminated during cleanup.
2026-07-28 00:59:05 | INFO     | core.driver.driver_factory | Appium session closed. Session ID=2a395c38-f265-485f-8882-67e1db2b0c3c
2026-07-28 00:59:05 | INFO     | conftest | Test session finished
2026-07-28 00:59:05 | INFO     | conftest | ======================================================================
2026-07-28 01:02:24 | INFO     | conftest | ======================================================================
2026-07-28 01:02:24 | INFO     | conftest | Starting new test session
2026-07-28 01:02:24 | INFO     | core.driver.driver_factory | Creating Android Appium session.
2026-07-28 01:02:24 | INFO     | core.driver.driver_factory | Device UDID: X8E6BQOVMJORTG89
2026-07-28 01:02:24 | INFO     | core.driver.driver_factory | Application package: com.saucelabs.mydemoapp.rn
2026-07-28 01:02:28 | INFO     | core.driver.driver_factory | Appium session created successfully. Session ID=9285ca05-6bc5-40c0-9704-8fe83011efd1
2026-07-28 01:02:28 | INFO     | conftest | Appium driver created. Session ID=9285ca05-6bc5-40c0-9704-8fe83011efd1
2026-07-28 01:02:28 | INFO     | conftest | Preparing application for test execution.
2026-07-28 01:02:28 | INFO     | conftest | Application terminated successfully.
2026-07-28 01:02:29 | INFO     | conftest | Application activated successfully.
2026-07-28 01:02:30 | INFO     | ProductsPage | Clicking element: ('-android uiautomator', 'new UiSelector().text("Sauce Labs Backpack")')
2026-07-28 01:02:31 | INFO     | ProductDetailsPage | Clicking element: ('accessibility id', 'Add To Cart button')
2026-07-28 01:02:33 | INFO     | ProductsPage | Clicking element: ('-android uiautomator', 'new UiSelector().text("Sauce Labs Bike Light")')
2026-07-28 01:02:34 | INFO     | ProductDetailsPage | Clicking element: ('accessibility id', 'counter plus button')
2026-07-28 01:02:35 | INFO     | ProductDetailsPage | Clicking element: ('accessibility id', 'Add To Cart button')
2026-07-28 01:02:36 | INFO     | ProductsPage | Clicking element: ('-android uiautomator', 'new UiSelector().text("Sauce Labs Bolt T-Shirt")')
2026-07-28 01:02:38 | INFO     | ProductDetailsPage | Clicking element: ('accessibility id', 'counter plus button')
2026-07-28 01:02:38 | INFO     | ProductDetailsPage | Clicking element: ('accessibility id', 'counter plus button')
2026-07-28 01:02:39 | INFO     | ProductDetailsPage | Clicking element: ('accessibility id', 'counter plus button')
2026-07-28 01:02:40 | INFO     | ProductDetailsPage | Clicking element: ('accessibility id', 'Add To Cart button')
2026-07-28 01:02:41 | INFO     | ProductDetailsPage | Clicking element: ('accessibility id', 'cart badge')
2026-07-28 01:02:43 | INFO     | CartPage | Clicking element: ('accessibility id', 'Proceed To Checkout button')
2026-07-28 01:02:44 | INFO     | LoginPage | Typing into element: ('accessibility id', 'Username input field')
2026-07-28 01:02:45 | INFO     | LoginPage | Typing into element: ('accessibility id', 'Password input field')
2026-07-28 01:02:47 | INFO     | LoginPage | Clicking element: ('accessibility id', 'Login button')
2026-07-28 01:02:49 | INFO     | CheckoutAddressPage | Typing into element: ('accessibility id', 'Full Name* input field')
2026-07-28 01:02:50 | INFO     | CheckoutAddressPage | Typing into element: ('accessibility id', 'Address Line 1* input field')
2026-07-28 01:02:51 | INFO     | CheckoutAddressPage | Typing into element: ('accessibility id', 'Address Line 2 input field')
2026-07-28 01:02:53 | INFO     | CheckoutAddressPage | Typing into element: ('accessibility id', 'City* input field')
2026-07-28 01:02:55 | INFO     | CheckoutAddressPage | Typing into element: ('accessibility id', 'State/Region input field')
2026-07-28 01:02:57 | INFO     | CheckoutAddressPage | Typing into element: ('accessibility id', 'Zip Code* input field')
2026-07-28 01:02:58 | INFO     | CheckoutAddressPage | Typing into element: ('accessibility id', 'Country* input field')
2026-07-28 01:03:00 | INFO     | CheckoutAddressPage | Clicking element: ('accessibility id', 'To Payment button')
2026-07-28 01:03:01 | INFO     | conftest | Application terminated during cleanup.
2026-07-28 01:03:02 | INFO     | core.driver.driver_factory | Appium session closed. Session ID=9285ca05-6bc5-40c0-9704-8fe83011efd1
2026-07-28 01:03:02 | INFO     | conftest | Test session finished
2026-07-28 01:03:02 | INFO     | conftest | ======================================================================
2026-07-28 01:10:25 | INFO     | conftest | ======================================================================
2026-07-28 01:10:25 | INFO     | conftest | Starting new test session
2026-07-28 01:10:25 | INFO     | core.driver.driver_factory | Creating Android Appium session.
2026-07-28 01:10:25 | INFO     | core.driver.driver_factory | Device UDID: X8E6BQOVMJORTG89
2026-07-28 01:10:25 | INFO     | core.driver.driver_factory | Application package: com.saucelabs.mydemoapp.rn
2026-07-28 01:10:31 | INFO     | core.driver.driver_factory | Appium session created successfully. Session ID=78e85329-0541-44cb-a2a4-84158fd097ea
2026-07-28 01:10:31 | INFO     | conftest | Appium driver created. Session ID=78e85329-0541-44cb-a2a4-84158fd097ea
2026-07-28 01:10:31 | INFO     | conftest | Preparing application for test execution.
2026-07-28 01:10:32 | INFO     | conftest | Application terminated successfully.
2026-07-28 01:10:32 | INFO     | conftest | Application activated successfully.
2026-07-28 01:10:34 | INFO     | ProductsPage | Clicking element: ('-android uiautomator', 'new UiSelector().text("Sauce Labs Backpack")')
2026-07-28 01:10:35 | INFO     | ProductDetailsPage | Clicking element: ('accessibility id', 'Add To Cart button')
2026-07-28 01:10:36 | INFO     | ProductsPage | Clicking element: ('-android uiautomator', 'new UiSelector().text("Sauce Labs Bike Light")')
2026-07-28 01:10:38 | INFO     | ProductDetailsPage | Clicking element: ('accessibility id', 'counter plus button')
2026-07-28 01:10:38 | INFO     | ProductDetailsPage | Clicking element: ('accessibility id', 'Add To Cart button')
2026-07-28 01:10:40 | INFO     | ProductsPage | Clicking element: ('-android uiautomator', 'new UiSelector().text("Sauce Labs Bolt T-Shirt")')
2026-07-28 01:10:41 | INFO     | ProductDetailsPage | Clicking element: ('accessibility id', 'counter plus button')
2026-07-28 01:10:41 | INFO     | ProductDetailsPage | Clicking element: ('accessibility id', 'counter plus button')
2026-07-28 01:10:42 | INFO     | ProductDetailsPage | Clicking element: ('accessibility id', 'counter plus button')
2026-07-28 01:10:44 | INFO     | ProductDetailsPage | Clicking element: ('accessibility id', 'Add To Cart button')
2026-07-28 01:10:44 | INFO     | ProductDetailsPage | Clicking element: ('accessibility id', 'cart badge')
2026-07-28 01:10:46 | INFO     | CartPage | Clicking element: ('accessibility id', 'Proceed To Checkout button')
2026-07-28 01:10:48 | INFO     | LoginPage | Typing into element: ('accessibility id', 'Username input field')
2026-07-28 01:10:48 | INFO     | LoginPage | Typing into element: ('accessibility id', 'Password input field')
2026-07-28 01:10:50 | INFO     | LoginPage | Clicking element: ('accessibility id', 'Login button')
2026-07-28 01:10:52 | INFO     | CheckoutAddressPage | Typing into element: ('accessibility id', 'Full Name* input field')
2026-07-28 01:10:54 | INFO     | CheckoutAddressPage | Typing into element: ('accessibility id', 'Address Line 1* input field')
2026-07-28 01:10:56 | INFO     | CheckoutAddressPage | Typing into element: ('accessibility id', 'Address Line 2 input field')
2026-07-28 01:10:58 | INFO     | CheckoutAddressPage | Typing into element: ('accessibility id', 'City* input field')
2026-07-28 01:11:00 | INFO     | CheckoutAddressPage | Typing into element: ('accessibility id', 'State/Region input field')
2026-07-28 01:11:02 | INFO     | CheckoutAddressPage | Typing into element: ('accessibility id', 'Zip Code* input field')
2026-07-28 01:11:04 | INFO     | CheckoutAddressPage | Typing into element: ('accessibility id', 'Country* input field')
2026-07-28 01:11:06 | INFO     | CheckoutAddressPage | Clicking element: ('accessibility id', 'To Payment button')
2026-07-28 01:11:08 | INFO     | CheckoutPaymentPage | Typing into element: ('accessibility id', 'Full Name* input field')
2026-07-28 01:11:09 | INFO     | CheckoutPaymentPage | Typing into element: ('accessibility id', 'Card Number* input field')
2026-07-28 01:11:11 | INFO     | CheckoutPaymentPage | Typing into element: ('accessibility id', 'Expiration Date* input field')
2026-07-28 01:11:13 | INFO     | CheckoutPaymentPage | Typing into element: ('accessibility id', 'Security Code* input field')
2026-07-28 01:11:16 | INFO     | CheckoutPaymentPage | Clicking element: ('accessibility id', 'checkbox for My billing address is the same as my shipping address.')
2026-07-28 01:11:17 | INFO     | CheckoutPaymentPage | Clicking element: ('accessibility id', 'Review Order button')
2026-07-28 01:11:18 | INFO     | conftest | Application terminated during cleanup.
2026-07-28 01:11:18 | INFO     | core.driver.driver_factory | Appium session closed. Session ID=78e85329-0541-44cb-a2a4-84158fd097ea
2026-07-28 01:11:18 | INFO     | conftest | Test session finished
2026-07-28 01:11:18 | INFO     | conftest | ======================================================================
2026-07-28 01:16:28 | INFO     | conftest | ======================================================================
2026-07-28 01:16:28 | INFO     | conftest | Starting new test session
2026-07-28 01:16:28 | INFO     | core.driver.driver_factory | Creating Android Appium session.
2026-07-28 01:16:28 | INFO     | core.driver.driver_factory | Device UDID: X8E6BQOVMJORTG89
2026-07-28 01:16:28 | INFO     | core.driver.driver_factory | Application package: com.saucelabs.mydemoapp.rn
2026-07-28 01:16:32 | INFO     | core.driver.driver_factory | Appium session created successfully. Session ID=61de808c-30f1-4d09-b7a9-9690f1fac792
2026-07-28 01:16:32 | INFO     | conftest | Appium driver created. Session ID=61de808c-30f1-4d09-b7a9-9690f1fac792
2026-07-28 01:16:32 | INFO     | conftest | Preparing application for test execution.
2026-07-28 01:16:33 | INFO     | conftest | Application terminated successfully.
2026-07-28 01:16:33 | INFO     | conftest | Application activated successfully.
2026-07-28 01:16:35 | INFO     | ProductsPage | Clicking element: ('-android uiautomator', 'new UiSelector().text("Sauce Labs Backpack")')
2026-07-28 01:16:37 | INFO     | ProductDetailsPage | Clicking element: ('accessibility id', 'Add To Cart button')
2026-07-28 01:16:38 | INFO     | ProductsPage | Clicking element: ('-android uiautomator', 'new UiSelector().text("Sauce Labs Bike Light")')
2026-07-28 01:16:40 | INFO     | ProductDetailsPage | Clicking element: ('accessibility id', 'counter plus button')
2026-07-28 01:16:41 | INFO     | ProductDetailsPage | Clicking element: ('accessibility id', 'Add To Cart button')
2026-07-28 01:16:42 | INFO     | ProductsPage | Clicking element: ('-android uiautomator', 'new UiSelector().text("Sauce Labs Bolt T-Shirt")')
2026-07-28 01:16:44 | INFO     | ProductDetailsPage | Clicking element: ('accessibility id', 'counter plus button')
2026-07-28 01:16:44 | INFO     | ProductDetailsPage | Clicking element: ('accessibility id', 'counter plus button')
2026-07-28 01:16:45 | INFO     | ProductDetailsPage | Clicking element: ('accessibility id', 'counter plus button')
2026-07-28 01:16:47 | INFO     | ProductDetailsPage | Clicking element: ('accessibility id', 'Add To Cart button')
2026-07-28 01:16:47 | INFO     | ProductDetailsPage | Clicking element: ('accessibility id', 'cart badge')
2026-07-28 01:16:49 | INFO     | CartPage | Clicking element: ('accessibility id', 'Proceed To Checkout button')
2026-07-28 01:16:50 | INFO     | LoginPage | Typing into element: ('accessibility id', 'Username input field')
2026-07-28 01:16:51 | INFO     | LoginPage | Typing into element: ('accessibility id', 'Password input field')
2026-07-28 01:16:53 | INFO     | LoginPage | Clicking element: ('accessibility id', 'Login button')
2026-07-28 01:16:55 | INFO     | CheckoutAddressPage | Typing into element: ('accessibility id', 'Full Name* input field')
2026-07-28 01:16:56 | INFO     | CheckoutAddressPage | Typing into element: ('accessibility id', 'Address Line 1* input field')
2026-07-28 01:16:58 | INFO     | CheckoutAddressPage | Typing into element: ('accessibility id', 'Address Line 2 input field')
2026-07-28 01:17:00 | INFO     | CheckoutAddressPage | Typing into element: ('accessibility id', 'City* input field')
2026-07-28 01:17:02 | INFO     | CheckoutAddressPage | Typing into element: ('accessibility id', 'State/Region input field')
2026-07-28 01:17:05 | INFO     | CheckoutAddressPage | Typing into element: ('accessibility id', 'Zip Code* input field')
2026-07-28 01:17:07 | INFO     | CheckoutAddressPage | Typing into element: ('accessibility id', 'Country* input field')
2026-07-28 01:17:09 | INFO     | CheckoutAddressPage | Clicking element: ('accessibility id', 'To Payment button')
2026-07-28 01:17:11 | INFO     | CheckoutPaymentPage | Typing into element: ('accessibility id', 'Full Name* input field')
2026-07-28 01:17:12 | INFO     | CheckoutPaymentPage | Typing into element: ('accessibility id', 'Card Number* input field')
2026-07-28 01:17:14 | INFO     | CheckoutPaymentPage | Typing into element: ('accessibility id', 'Expiration Date* input field')
2026-07-28 01:17:16 | INFO     | CheckoutPaymentPage | Typing into element: ('accessibility id', 'Security Code* input field')
2026-07-28 01:17:19 | INFO     | CheckoutPaymentPage | Clicking element: ('accessibility id', 'checkbox for My billing address is the same as my shipping address.')
2026-07-28 01:17:20 | INFO     | CheckoutPaymentPage | Clicking element: ('accessibility id', 'Review Order button')
2026-07-28 01:17:26 | ERROR    | core.waits.wait_utils | Element was not visible: ('accessibility id', 'checkout review order screen')
2026-07-28 01:17:26 | INFO     | core.reporting.screenshot_manager | Screenshot saved: C:\Users\satye\OneDrive\Desktop\Android7\AndroidAutomationFramework\screenshots\test_complete_purchase_and_logout_20260728_011726_280536.png
2026-07-28 01:17:26 | ERROR    | conftest | Failure screenshot captured: C:\Users\satye\OneDrive\Desktop\Android7\AndroidAutomationFramework\screenshots\test_complete_purchase_and_logout_20260728_011726_280536.png
2026-07-28 01:17:27 | INFO     | conftest | Application terminated during cleanup.
2026-07-28 01:17:28 | INFO     | core.driver.driver_factory | Appium session closed. Session ID=61de808c-30f1-4d09-b7a9-9690f1fac792
2026-07-28 01:17:28 | INFO     | conftest | Test session finished
2026-07-28 01:17:28 | INFO     | conftest | ======================================================================
2026-07-28 01:19:06 | INFO     | conftest | ======================================================================
2026-07-28 01:19:06 | INFO     | conftest | Starting new test session
2026-07-28 01:19:06 | INFO     | core.driver.driver_factory | Creating Android Appium session.
2026-07-28 01:19:06 | INFO     | core.driver.driver_factory | Device UDID: X8E6BQOVMJORTG89
2026-07-28 01:19:06 | INFO     | core.driver.driver_factory | Application package: com.saucelabs.mydemoapp.rn
2026-07-28 01:19:10 | INFO     | core.driver.driver_factory | Appium session created successfully. Session ID=ddd51e75-32d4-451f-bf70-8d38ff08a291
2026-07-28 01:19:10 | INFO     | conftest | Appium driver created. Session ID=ddd51e75-32d4-451f-bf70-8d38ff08a291
2026-07-28 01:19:10 | INFO     | conftest | Preparing application for test execution.
2026-07-28 01:19:11 | INFO     | conftest | Application terminated successfully.
2026-07-28 01:19:11 | INFO     | conftest | Application activated successfully.
2026-07-28 01:19:13 | INFO     | ProductsPage | Clicking element: ('-android uiautomator', 'new UiSelector().text("Sauce Labs Backpack")')
2026-07-28 01:19:14 | INFO     | ProductDetailsPage | Clicking element: ('accessibility id', 'Add To Cart button')
2026-07-28 01:19:15 | INFO     | ProductsPage | Clicking element: ('-android uiautomator', 'new UiSelector().text("Sauce Labs Bike Light")')
2026-07-28 01:19:17 | INFO     | ProductDetailsPage | Clicking element: ('accessibility id', 'counter plus button')
2026-07-28 01:19:18 | INFO     | ProductDetailsPage | Clicking element: ('accessibility id', 'Add To Cart button')
2026-07-28 01:19:20 | INFO     | ProductsPage | Clicking element: ('-android uiautomator', 'new UiSelector().text("Sauce Labs Bolt T-Shirt")')
2026-07-28 01:19:21 | INFO     | ProductDetailsPage | Clicking element: ('accessibility id', 'counter plus button')
2026-07-28 01:19:21 | INFO     | ProductDetailsPage | Clicking element: ('accessibility id', 'counter plus button')
2026-07-28 01:19:22 | INFO     | ProductDetailsPage | Clicking element: ('accessibility id', 'counter plus button')
2026-07-28 01:19:24 | INFO     | ProductDetailsPage | Clicking element: ('accessibility id', 'Add To Cart button')
2026-07-28 01:19:25 | INFO     | ProductDetailsPage | Clicking element: ('accessibility id', 'cart badge')
2026-07-28 01:19:26 | INFO     | CartPage | Clicking element: ('accessibility id', 'Proceed To Checkout button')
2026-07-28 01:19:28 | INFO     | LoginPage | Typing into element: ('accessibility id', 'Username input field')
2026-07-28 01:19:29 | INFO     | LoginPage | Typing into element: ('accessibility id', 'Password input field')
2026-07-28 01:19:31 | INFO     | LoginPage | Clicking element: ('accessibility id', 'Login button')
2026-07-28 01:19:33 | INFO     | CheckoutAddressPage | Typing into element: ('accessibility id', 'Full Name* input field')
2026-07-28 01:19:34 | INFO     | CheckoutAddressPage | Typing into element: ('accessibility id', 'Address Line 1* input field')
2026-07-28 01:19:37 | INFO     | CheckoutAddressPage | Typing into element: ('accessibility id', 'Address Line 2 input field')
2026-07-28 01:19:38 | INFO     | CheckoutAddressPage | Typing into element: ('accessibility id', 'City* input field')
2026-07-28 01:19:41 | INFO     | CheckoutAddressPage | Typing into element: ('accessibility id', 'State/Region input field')
2026-07-28 01:19:42 | INFO     | CheckoutAddressPage | Typing into element: ('accessibility id', 'Zip Code* input field')
2026-07-28 01:19:45 | INFO     | CheckoutAddressPage | Typing into element: ('accessibility id', 'Country* input field')
2026-07-28 01:19:47 | INFO     | CheckoutAddressPage | Clicking element: ('accessibility id', 'To Payment button')
2026-07-28 01:19:49 | INFO     | CheckoutPaymentPage | Typing into element: ('accessibility id', 'Full Name* input field')
2026-07-28 01:19:50 | INFO     | CheckoutPaymentPage | Typing into element: ('accessibility id', 'Card Number* input field')
2026-07-28 01:19:52 | INFO     | CheckoutPaymentPage | Typing into element: ('accessibility id', 'Expiration Date* input field')
2026-07-28 01:19:54 | INFO     | CheckoutPaymentPage | Typing into element: ('accessibility id', 'Security Code* input field')
2026-07-28 01:19:57 | INFO     | CheckoutPaymentPage | Clicking element: ('accessibility id', 'checkbox for My billing address is the same as my shipping address.')
2026-07-28 01:19:58 | INFO     | CheckoutPaymentPage | Clicking element: ('accessibility id', 'Review Order button')
2026-07-28 01:20:03 | ERROR    | core.waits.wait_utils | Element was not visible: ('accessibility id', 'checkout review order screen')
2026-07-28 01:20:04 | INFO     | core.reporting.screenshot_manager | Screenshot saved: C:\Users\satye\OneDrive\Desktop\Android7\AndroidAutomationFramework\screenshots\test_complete_purchase_and_logout_20260728_012003_880206.png
2026-07-28 01:20:04 | ERROR    | conftest | Failure screenshot captured: C:\Users\satye\OneDrive\Desktop\Android7\AndroidAutomationFramework\screenshots\test_complete_purchase_and_logout_20260728_012003_880206.png
2026-07-28 01:20:05 | INFO     | conftest | Application terminated during cleanup.
2026-07-28 01:20:05 | INFO     | core.driver.driver_factory | Appium session closed. Session ID=ddd51e75-32d4-451f-bf70-8d38ff08a291
2026-07-28 01:20:05 | INFO     | conftest | Test session finished
2026-07-28 01:20:05 | INFO     | conftest | ======================================================================
2026-07-28 01:21:40 | INFO     | conftest | ======================================================================
2026-07-28 01:21:40 | INFO     | conftest | Starting new test session
2026-07-28 01:21:40 | INFO     | core.driver.driver_factory | Creating Android Appium session.
2026-07-28 01:21:40 | INFO     | core.driver.driver_factory | Device UDID: X8E6BQOVMJORTG89
2026-07-28 01:21:40 | INFO     | core.driver.driver_factory | Application package: com.saucelabs.mydemoapp.rn
2026-07-28 01:21:44 | INFO     | core.driver.driver_factory | Appium session created successfully. Session ID=b82f7ac3-1788-4b38-b02f-a6e7b3214778
2026-07-28 01:21:44 | INFO     | conftest | Appium driver created. Session ID=b82f7ac3-1788-4b38-b02f-a6e7b3214778
2026-07-28 01:21:44 | INFO     | conftest | Preparing application for test execution.
2026-07-28 01:21:45 | INFO     | conftest | Application terminated successfully.
2026-07-28 01:21:45 | INFO     | conftest | Application activated successfully.
2026-07-28 01:21:47 | INFO     | ProductsPage | Clicking element: ('-android uiautomator', 'new UiSelector().text("Sauce Labs Backpack")')
2026-07-28 01:21:48 | INFO     | ProductDetailsPage | Clicking element: ('accessibility id', 'Add To Cart button')
2026-07-28 01:21:50 | INFO     | ProductsPage | Clicking element: ('-android uiautomator', 'new UiSelector().text("Sauce Labs Bike Light")')
2026-07-28 01:21:51 | INFO     | ProductDetailsPage | Clicking element: ('accessibility id', 'counter plus button')
2026-07-28 01:21:52 | INFO     | ProductDetailsPage | Clicking element: ('accessibility id', 'Add To Cart button')
2026-07-28 01:21:54 | INFO     | ProductsPage | Clicking element: ('-android uiautomator', 'new UiSelector().text("Sauce Labs Bolt T-Shirt")')
2026-07-28 01:21:55 | INFO     | ProductDetailsPage | Clicking element: ('accessibility id', 'counter plus button')
2026-07-28 01:21:56 | INFO     | ProductDetailsPage | Clicking element: ('accessibility id', 'counter plus button')
2026-07-28 01:21:56 | INFO     | ProductDetailsPage | Clicking element: ('accessibility id', 'counter plus button')
2026-07-28 01:21:58 | INFO     | ProductDetailsPage | Clicking element: ('accessibility id', 'Add To Cart button')
2026-07-28 01:21:58 | INFO     | ProductDetailsPage | Clicking element: ('accessibility id', 'cart badge')
2026-07-28 01:22:01 | INFO     | CartPage | Clicking element: ('accessibility id', 'Proceed To Checkout button')
2026-07-28 01:22:02 | INFO     | LoginPage | Typing into element: ('accessibility id', 'Username input field')
2026-07-28 01:22:03 | INFO     | LoginPage | Typing into element: ('accessibility id', 'Password input field')
2026-07-28 01:22:05 | INFO     | LoginPage | Clicking element: ('accessibility id', 'Login button')
2026-07-28 01:22:07 | INFO     | CheckoutAddressPage | Typing into element: ('accessibility id', 'Full Name* input field')
2026-07-28 01:22:08 | INFO     | CheckoutAddressPage | Typing into element: ('accessibility id', 'Address Line 1* input field')
2026-07-28 01:22:10 | INFO     | CheckoutAddressPage | Typing into element: ('accessibility id', 'Address Line 2 input field')
2026-07-28 01:22:12 | INFO     | CheckoutAddressPage | Typing into element: ('accessibility id', 'City* input field')
2026-07-28 01:22:14 | INFO     | CheckoutAddressPage | Typing into element: ('accessibility id', 'State/Region input field')
2026-07-28 01:22:16 | INFO     | CheckoutAddressPage | Typing into element: ('accessibility id', 'Zip Code* input field')
2026-07-28 01:22:18 | INFO     | CheckoutAddressPage | Typing into element: ('accessibility id', 'Country* input field')
2026-07-28 01:22:21 | INFO     | CheckoutAddressPage | Clicking element: ('accessibility id', 'To Payment button')
2026-07-28 01:22:23 | INFO     | CheckoutPaymentPage | Typing into element: ('accessibility id', 'Full Name* input field')
2026-07-28 01:22:24 | INFO     | CheckoutPaymentPage | Typing into element: ('accessibility id', 'Card Number* input field')
2026-07-28 01:22:26 | INFO     | CheckoutPaymentPage | Typing into element: ('accessibility id', 'Expiration Date* input field')
2026-07-28 01:22:27 | INFO     | CheckoutPaymentPage | Typing into element: ('accessibility id', 'Security Code* input field')
2026-07-28 01:22:30 | INFO     | CheckoutPaymentPage | Clicking element: ('accessibility id', 'checkbox for My billing address is the same as my shipping address.')
2026-07-28 01:22:31 | INFO     | CheckoutPaymentPage | Clicking element: ('accessibility id', 'Review Order button')
2026-07-28 01:22:37 | ERROR    | core.waits.wait_utils | Element was not visible: ('accessibility id', 'checkout review order screen')
2026-07-28 01:22:38 | INFO     | core.reporting.screenshot_manager | Screenshot saved: C:\Users\satye\OneDrive\Desktop\Android7\AndroidAutomationFramework\screenshots\test_complete_purchase_and_logout_20260728_012237_886644.png
2026-07-28 01:22:38 | ERROR    | conftest | Failure screenshot captured: C:\Users\satye\OneDrive\Desktop\Android7\AndroidAutomationFramework\screenshots\test_complete_purchase_and_logout_20260728_012237_886644.png
2026-07-28 01:22:39 | INFO     | conftest | Application terminated during cleanup.
2026-07-28 01:22:39 | INFO     | core.driver.driver_factory | Appium session closed. Session ID=b82f7ac3-1788-4b38-b02f-a6e7b3214778
2026-07-28 01:22:39 | INFO     | conftest | Test session finished
2026-07-28 01:22:39 | INFO     | conftest | ======================================================================
2026-07-28 01:26:52 | INFO     | conftest | ======================================================================
2026-07-28 01:26:52 | INFO     | conftest | Starting new test session
2026-07-28 01:26:52 | INFO     | core.driver.driver_factory | Creating Android Appium session.
2026-07-28 01:26:52 | INFO     | core.driver.driver_factory | Device UDID: X8E6BQOVMJORTG89
2026-07-28 01:26:52 | INFO     | core.driver.driver_factory | Application package: com.saucelabs.mydemoapp.rn
2026-07-28 01:26:57 | INFO     | core.driver.driver_factory | Appium session created successfully. Session ID=76ca13c6-f3c6-4163-9b9b-e4e4542b1b55
2026-07-28 01:26:57 | INFO     | conftest | Appium driver created. Session ID=76ca13c6-f3c6-4163-9b9b-e4e4542b1b55
2026-07-28 01:26:57 | INFO     | conftest | Preparing application for test execution.
2026-07-28 01:26:58 | INFO     | conftest | Application terminated successfully.
2026-07-28 01:26:58 | INFO     | conftest | Application activated successfully.
2026-07-28 01:27:00 | INFO     | ProductsPage | Clicking element: ('-android uiautomator', 'new UiSelector().text("Sauce Labs Backpack")')
2026-07-28 01:27:01 | INFO     | ProductDetailsPage | Clicking element: ('accessibility id', 'Add To Cart button')
2026-07-28 01:27:02 | INFO     | ProductsPage | Clicking element: ('-android uiautomator', 'new UiSelector().text("Sauce Labs Bike Light")')
2026-07-28 01:27:03 | INFO     | ProductDetailsPage | Clicking element: ('accessibility id', 'counter plus button')
2026-07-28 01:27:04 | INFO     | ProductDetailsPage | Clicking element: ('accessibility id', 'Add To Cart button')
2026-07-28 01:27:05 | INFO     | ProductsPage | Clicking element: ('-android uiautomator', 'new UiSelector().text("Sauce Labs Bolt T-Shirt")')
2026-07-28 01:27:07 | INFO     | ProductDetailsPage | Clicking element: ('accessibility id', 'counter plus button')
2026-07-28 01:27:07 | INFO     | ProductDetailsPage | Clicking element: ('accessibility id', 'counter plus button')
2026-07-28 01:27:09 | INFO     | ProductDetailsPage | Clicking element: ('accessibility id', 'counter plus button')
2026-07-28 01:27:10 | INFO     | ProductDetailsPage | Clicking element: ('accessibility id', 'Add To Cart button')
2026-07-28 01:27:10 | INFO     | ProductDetailsPage | Clicking element: ('accessibility id', 'cart badge')
2026-07-28 01:27:12 | INFO     | CartPage | Clicking element: ('accessibility id', 'Proceed To Checkout button')
2026-07-28 01:27:14 | INFO     | LoginPage | Typing into element: ('accessibility id', 'Username input field')
2026-07-28 01:27:14 | INFO     | LoginPage | Typing into element: ('accessibility id', 'Password input field')
2026-07-28 01:27:16 | INFO     | LoginPage | Clicking element: ('accessibility id', 'Login button')
2026-07-28 01:27:18 | INFO     | CheckoutAddressPage | Typing into element: ('accessibility id', 'Full Name* input field')
2026-07-28 01:27:19 | INFO     | CheckoutAddressPage | Typing into element: ('accessibility id', 'Address Line 1* input field')
2026-07-28 01:27:22 | INFO     | CheckoutAddressPage | Typing into element: ('accessibility id', 'Address Line 2 input field')
2026-07-28 01:27:24 | INFO     | CheckoutAddressPage | Typing into element: ('accessibility id', 'City* input field')
2026-07-28 01:27:26 | INFO     | CheckoutAddressPage | Typing into element: ('accessibility id', 'State/Region input field')
2026-07-28 01:27:28 | INFO     | CheckoutAddressPage | Typing into element: ('accessibility id', 'Zip Code* input field')
2026-07-28 01:27:30 | INFO     | CheckoutAddressPage | Typing into element: ('accessibility id', 'Country* input field')
2026-07-28 01:27:33 | INFO     | CheckoutAddressPage | Clicking element: ('accessibility id', 'To Payment button')
2026-07-28 01:27:34 | INFO     | CheckoutPaymentPage | Typing into element: ('accessibility id', 'Full Name* input field')
2026-07-28 01:27:35 | INFO     | CheckoutPaymentPage | Typing into element: ('accessibility id', 'Card Number* input field')
2026-07-28 01:27:38 | INFO     | CheckoutPaymentPage | Typing into element: ('accessibility id', 'Expiration Date* input field')
2026-07-28 01:27:39 | INFO     | CheckoutPaymentPage | Typing into element: ('accessibility id', 'Security Code* input field')
2026-07-28 01:27:42 | INFO     | app.pages.checkout_payment_page | Billing checkbox before selection: checked=false selected=false
2026-07-28 01:27:42 | INFO     | app.pages.checkout_payment_page | Selecting billing address checkbox.
2026-07-28 01:27:43 | INFO     | app.pages.checkout_payment_page | Billing checkbox state: checked=false selected=false
2026-07-28 01:27:44 | INFO     | core.reporting.screenshot_manager | Screenshot saved: C:\Users\satye\OneDrive\Desktop\Android7\AndroidAutomationFramework\screenshots\test_complete_purchase_and_logout_20260728_012743_789270.png
2026-07-28 01:27:44 | ERROR    | conftest | Failure screenshot captured: C:\Users\satye\OneDrive\Desktop\Android7\AndroidAutomationFramework\screenshots\test_complete_purchase_and_logout_20260728_012743_789270.png
2026-07-28 01:27:45 | INFO     | conftest | Application terminated during cleanup.
2026-07-28 01:27:45 | INFO     | core.driver.driver_factory | Appium session closed. Session ID=76ca13c6-f3c6-4163-9b9b-e4e4542b1b55
2026-07-28 01:27:45 | INFO     | conftest | Test session finished
2026-07-28 01:27:45 | INFO     | conftest | ======================================================================
2026-07-28 01:30:53 | INFO     | conftest | ======================================================================
2026-07-28 01:30:53 | INFO     | conftest | Starting new test session
2026-07-28 01:30:53 | INFO     | core.driver.driver_factory | Creating Android Appium session.
2026-07-28 01:30:53 | INFO     | core.driver.driver_factory | Device UDID: X8E6BQOVMJORTG89
2026-07-28 01:30:53 | INFO     | core.driver.driver_factory | Application package: com.saucelabs.mydemoapp.rn
2026-07-28 01:30:57 | INFO     | core.driver.driver_factory | Appium session created successfully. Session ID=7a9c4c14-96fc-46e0-bfe4-df6fdddbdaee
2026-07-28 01:30:57 | INFO     | conftest | Appium driver created. Session ID=7a9c4c14-96fc-46e0-bfe4-df6fdddbdaee
2026-07-28 01:30:57 | INFO     | conftest | Preparing application for test execution.
2026-07-28 01:30:58 | INFO     | conftest | Application terminated successfully.
2026-07-28 01:30:58 | INFO     | conftest | Application activated successfully.
2026-07-28 01:31:00 | INFO     | ProductsPage | Clicking element: ('-android uiautomator', 'new UiSelector().text("Sauce Labs Backpack")')
2026-07-28 01:31:01 | INFO     | ProductDetailsPage | Clicking element: ('accessibility id', 'Add To Cart button')
2026-07-28 01:31:04 | INFO     | ProductsPage | Clicking element: ('-android uiautomator', 'new UiSelector().text("Sauce Labs Bike Light")')
2026-07-28 01:31:05 | INFO     | ProductDetailsPage | Clicking element: ('accessibility id', 'counter plus button')
2026-07-28 01:31:06 | INFO     | ProductDetailsPage | Clicking element: ('accessibility id', 'Add To Cart button')
2026-07-28 01:31:07 | INFO     | ProductsPage | Clicking element: ('-android uiautomator', 'new UiSelector().text("Sauce Labs Bolt T-Shirt")')
2026-07-28 01:31:09 | INFO     | ProductDetailsPage | Clicking element: ('accessibility id', 'counter plus button')
2026-07-28 01:31:09 | INFO     | ProductDetailsPage | Clicking element: ('accessibility id', 'counter plus button')
2026-07-28 01:31:10 | INFO     | ProductDetailsPage | Clicking element: ('accessibility id', 'counter plus button')
2026-07-28 01:31:12 | INFO     | ProductDetailsPage | Clicking element: ('accessibility id', 'Add To Cart button')
2026-07-28 01:31:12 | INFO     | ProductDetailsPage | Clicking element: ('accessibility id', 'cart badge')
2026-07-28 01:31:13 | INFO     | CartPage | Clicking element: ('accessibility id', 'Proceed To Checkout button')
2026-07-28 01:31:16 | INFO     | LoginPage | Typing into element: ('accessibility id', 'Username input field')
2026-07-28 01:31:16 | INFO     | LoginPage | Typing into element: ('accessibility id', 'Password input field')
2026-07-28 01:31:18 | INFO     | LoginPage | Clicking element: ('accessibility id', 'Login button')
2026-07-28 01:31:20 | INFO     | CheckoutAddressPage | Typing into element: ('accessibility id', 'Full Name* input field')
2026-07-28 01:31:21 | INFO     | CheckoutAddressPage | Typing into element: ('accessibility id', 'Address Line 1* input field')
2026-07-28 01:31:23 | INFO     | CheckoutAddressPage | Typing into element: ('accessibility id', 'Address Line 2 input field')
2026-07-28 01:31:25 | INFO     | CheckoutAddressPage | Typing into element: ('accessibility id', 'City* input field')
2026-07-28 01:31:27 | INFO     | CheckoutAddressPage | Typing into element: ('accessibility id', 'State/Region input field')
2026-07-28 01:31:29 | INFO     | CheckoutAddressPage | Typing into element: ('accessibility id', 'Zip Code* input field')
2026-07-28 01:31:31 | INFO     | CheckoutAddressPage | Typing into element: ('accessibility id', 'Country* input field')
2026-07-28 01:31:34 | INFO     | CheckoutAddressPage | Clicking element: ('accessibility id', 'To Payment button')
2026-07-28 01:31:36 | INFO     | CheckoutPaymentPage | Typing into element: ('accessibility id', 'Full Name* input field')
2026-07-28 01:31:37 | INFO     | CheckoutPaymentPage | Typing into element: ('accessibility id', 'Card Number* input field')
2026-07-28 01:31:39 | INFO     | CheckoutPaymentPage | Typing into element: ('accessibility id', 'Expiration Date* input field')
2026-07-28 01:31:41 | INFO     | CheckoutPaymentPage | Typing into element: ('accessibility id', 'Security Code* input field')
2026-07-28 01:31:44 | INFO     | app.pages.checkout_payment_page | Selecting billing address same as shipping.
2026-07-28 01:31:44 | INFO     | CheckoutPaymentPage | Clicking element: ('accessibility id', 'checkbox for My billing address is the same as my shipping address.')
2026-07-28 01:31:45 | INFO     | core.reporting.screenshot_manager | Screenshot saved: C:\Users\satye\OneDrive\Desktop\Android7\AndroidAutomationFramework\screenshots\test_complete_purchase_and_logout_20260728_013145_190990.png
2026-07-28 01:31:45 | ERROR    | conftest | Failure screenshot captured: C:\Users\satye\OneDrive\Desktop\Android7\AndroidAutomationFramework\screenshots\test_complete_purchase_and_logout_20260728_013145_190990.png
2026-07-28 01:31:46 | INFO     | conftest | Application terminated during cleanup.
2026-07-28 01:31:46 | INFO     | core.driver.driver_factory | Appium session closed. Session ID=7a9c4c14-96fc-46e0-bfe4-df6fdddbdaee
2026-07-28 01:31:46 | INFO     | conftest | Test session finished
2026-07-28 01:31:46 | INFO     | conftest | ======================================================================
2026-07-28 01:34:30 | INFO     | conftest | ======================================================================
2026-07-28 01:34:30 | INFO     | conftest | Starting new test session
2026-07-28 01:34:30 | INFO     | core.driver.driver_factory | Creating Android Appium session.
2026-07-28 01:34:30 | INFO     | core.driver.driver_factory | Device UDID: X8E6BQOVMJORTG89
2026-07-28 01:34:30 | INFO     | core.driver.driver_factory | Application package: com.saucelabs.mydemoapp.rn
2026-07-28 01:34:35 | INFO     | core.driver.driver_factory | Appium session created successfully. Session ID=fa5a4679-809a-4645-9dd0-ea5cc9a356ae
2026-07-28 01:34:35 | INFO     | conftest | Appium driver created. Session ID=fa5a4679-809a-4645-9dd0-ea5cc9a356ae
2026-07-28 01:34:35 | INFO     | conftest | Preparing application for test execution.
2026-07-28 01:34:35 | INFO     | conftest | Application terminated successfully.
2026-07-28 01:34:35 | INFO     | conftest | Application activated successfully.
2026-07-28 01:34:37 | INFO     | ProductsPage | Clicking element: ('-android uiautomator', 'new UiSelector().text("Sauce Labs Backpack")')
2026-07-28 01:34:38 | INFO     | ProductDetailsPage | Clicking element: ('accessibility id', 'Add To Cart button')
2026-07-28 01:34:40 | INFO     | ProductsPage | Clicking element: ('-android uiautomator', 'new UiSelector().text("Sauce Labs Bike Light")')
2026-07-28 01:34:41 | INFO     | ProductDetailsPage | Clicking element: ('accessibility id', 'counter plus button')
2026-07-28 01:34:42 | INFO     | ProductDetailsPage | Clicking element: ('accessibility id', 'Add To Cart button')
2026-07-28 01:34:44 | INFO     | ProductsPage | Clicking element: ('-android uiautomator', 'new UiSelector().text("Sauce Labs Bolt T-Shirt")')
2026-07-28 01:34:45 | INFO     | ProductDetailsPage | Clicking element: ('accessibility id', 'counter plus button')
2026-07-28 01:34:46 | INFO     | ProductDetailsPage | Clicking element: ('accessibility id', 'counter plus button')
2026-07-28 01:34:46 | INFO     | ProductDetailsPage | Clicking element: ('accessibility id', 'counter plus button')
2026-07-28 01:34:48 | INFO     | ProductDetailsPage | Clicking element: ('accessibility id', 'Add To Cart button')
2026-07-28 01:34:48 | INFO     | ProductDetailsPage | Clicking element: ('accessibility id', 'cart badge')
2026-07-28 01:34:50 | INFO     | CartPage | Clicking element: ('accessibility id', 'Proceed To Checkout button')
2026-07-28 01:34:52 | INFO     | LoginPage | Typing into element: ('accessibility id', 'Username input field')
2026-07-28 01:34:53 | INFO     | LoginPage | Typing into element: ('accessibility id', 'Password input field')
2026-07-28 01:34:54 | INFO     | LoginPage | Clicking element: ('accessibility id', 'Login button')
2026-07-28 01:34:56 | INFO     | CheckoutAddressPage | Typing into element: ('accessibility id', 'Full Name* input field')
2026-07-28 01:34:58 | INFO     | CheckoutAddressPage | Typing into element: ('accessibility id', 'Address Line 1* input field')
2026-07-28 01:35:00 | INFO     | CheckoutAddressPage | Typing into element: ('accessibility id', 'Address Line 2 input field')
2026-07-28 01:35:02 | INFO     | CheckoutAddressPage | Typing into element: ('accessibility id', 'City* input field')
2026-07-28 01:35:04 | INFO     | CheckoutAddressPage | Typing into element: ('accessibility id', 'State/Region input field')
2026-07-28 01:35:06 | INFO     | CheckoutAddressPage | Typing into element: ('accessibility id', 'Zip Code* input field')
2026-07-28 01:35:08 | INFO     | CheckoutAddressPage | Typing into element: ('accessibility id', 'Country* input field')
2026-07-28 01:35:12 | INFO     | CheckoutAddressPage | Clicking element: ('accessibility id', 'To Payment button')
2026-07-28 01:35:13 | INFO     | CheckoutPaymentPage | Typing into element: ('accessibility id', 'Full Name* input field')
2026-07-28 01:35:15 | INFO     | CheckoutPaymentPage | Typing into element: ('accessibility id', 'Card Number* input field')
2026-07-28 01:35:16 | INFO     | CheckoutPaymentPage | Typing into element: ('accessibility id', 'Expiration Date* input field')
2026-07-28 01:35:18 | INFO     | CheckoutPaymentPage | Typing into element: ('accessibility id', 'Security Code* input field')
2026-07-28 01:35:21 | INFO     | app.pages.checkout_payment_page | Selecting billing address same as shipping.
2026-07-28 01:35:21 | INFO     | CheckoutPaymentPage | Clicking element: ('accessibility id', 'checkbox for My billing address is the same as my shipping address.')
2026-07-28 01:35:22 | INFO     | app.pages.checkout_payment_page | Billing address checkbox tapped.
2026-07-28 01:35:22 | INFO     | app.pages.checkout_payment_page | Continuing to Review Order.
2026-07-28 01:35:22 | INFO     | CheckoutPaymentPage | Clicking element: ('accessibility id', 'Review Order button')
2026-07-28 01:35:28 | ERROR    | core.waits.wait_utils | Element was not visible: ('accessibility id', 'checkout review order screen')
2026-07-28 01:35:28 | INFO     | core.reporting.screenshot_manager | Screenshot saved: C:\Users\satye\OneDrive\Desktop\Android7\AndroidAutomationFramework\screenshots\test_complete_purchase_and_logout_20260728_013528_212256.png
2026-07-28 01:35:28 | ERROR    | conftest | Failure screenshot captured: C:\Users\satye\OneDrive\Desktop\Android7\AndroidAutomationFramework\screenshots\test_complete_purchase_and_logout_20260728_013528_212256.png
2026-07-28 01:35:29 | INFO     | conftest | Application terminated during cleanup.
2026-07-28 01:35:29 | INFO     | core.driver.driver_factory | Appium session closed. Session ID=fa5a4679-809a-4645-9dd0-ea5cc9a356ae
2026-07-28 01:35:29 | INFO     | conftest | Test session finished
2026-07-28 01:35:29 | INFO     | conftest | ======================================================================
2026-07-28 01:40:35 | INFO     | conftest | ======================================================================
2026-07-28 01:40:35 | INFO     | conftest | Starting new test session
2026-07-28 01:40:35 | INFO     | core.driver.driver_factory | Creating Android Appium session.
2026-07-28 01:40:35 | INFO     | core.driver.driver_factory | Device UDID: X8E6BQOVMJORTG89
2026-07-28 01:40:35 | INFO     | core.driver.driver_factory | Application package: com.saucelabs.mydemoapp.rn
2026-07-28 01:40:41 | INFO     | core.driver.driver_factory | Appium session created successfully. Session ID=a5357648-e65d-4602-a4e7-09b9f27de678
2026-07-28 01:40:41 | INFO     | conftest | Appium driver created. Session ID=a5357648-e65d-4602-a4e7-09b9f27de678
2026-07-28 01:40:41 | INFO     | conftest | Preparing application for test execution.
2026-07-28 01:40:42 | INFO     | conftest | Application terminated successfully.
2026-07-28 01:40:42 | INFO     | conftest | Application activated successfully.
2026-07-28 01:40:44 | INFO     | ProductsPage | Clicking element: ('-android uiautomator', 'new UiSelector().text("Sauce Labs Backpack")')
2026-07-28 01:40:45 | INFO     | ProductDetailsPage | Clicking element: ('accessibility id', 'Add To Cart button')
2026-07-28 01:40:46 | INFO     | ProductsPage | Clicking element: ('-android uiautomator', 'new UiSelector().text("Sauce Labs Bike Light")')
2026-07-28 01:40:48 | INFO     | ProductDetailsPage | Clicking element: ('accessibility id', 'counter plus button')
2026-07-28 01:40:49 | INFO     | ProductDetailsPage | Clicking element: ('accessibility id', 'Add To Cart button')
2026-07-28 01:40:51 | INFO     | ProductsPage | Clicking element: ('-android uiautomator', 'new UiSelector().text("Sauce Labs Bolt T-Shirt")')
2026-07-28 01:40:52 | INFO     | ProductDetailsPage | Clicking element: ('accessibility id', 'counter plus button')
2026-07-28 01:40:52 | INFO     | ProductDetailsPage | Clicking element: ('accessibility id', 'counter plus button')
2026-07-28 01:40:53 | INFO     | ProductDetailsPage | Clicking element: ('accessibility id', 'counter plus button')
2026-07-28 01:40:55 | INFO     | ProductDetailsPage | Clicking element: ('accessibility id', 'Add To Cart button')
2026-07-28 01:40:55 | INFO     | ProductDetailsPage | Clicking element: ('accessibility id', 'cart badge')
2026-07-28 01:40:57 | INFO     | CartPage | Clicking element: ('accessibility id', 'Proceed To Checkout button')
2026-07-28 01:40:59 | INFO     | LoginPage | Typing into element: ('accessibility id', 'Username input field')
2026-07-28 01:40:59 | INFO     | LoginPage | Typing into element: ('accessibility id', 'Password input field')
2026-07-28 01:41:01 | INFO     | LoginPage | Clicking element: ('accessibility id', 'Login button')
2026-07-28 01:41:04 | INFO     | CheckoutAddressPage | Typing into element: ('accessibility id', 'Full Name* input field')
2026-07-28 01:41:05 | INFO     | CheckoutAddressPage | Typing into element: ('accessibility id', 'Address Line 1* input field')
2026-07-28 01:41:08 | INFO     | CheckoutAddressPage | Typing into element: ('accessibility id', 'Address Line 2 input field')
2026-07-28 01:41:09 | INFO     | CheckoutAddressPage | Typing into element: ('accessibility id', 'City* input field')
2026-07-28 01:41:12 | INFO     | CheckoutAddressPage | Typing into element: ('accessibility id', 'State/Region input field')
2026-07-28 01:41:13 | INFO     | CheckoutAddressPage | Typing into element: ('accessibility id', 'Zip Code* input field')
2026-07-28 01:41:15 | INFO     | CheckoutAddressPage | Typing into element: ('accessibility id', 'Country* input field')
2026-07-28 01:41:18 | INFO     | CheckoutAddressPage | Clicking element: ('accessibility id', 'To Payment button')
2026-07-28 01:41:20 | INFO     | CheckoutPaymentPage | Typing into element: ('accessibility id', 'Full Name* input field')
2026-07-28 01:41:21 | INFO     | CheckoutPaymentPage | Typing into element: ('accessibility id', 'Card Number* input field')
2026-07-28 01:41:23 | INFO     | CheckoutPaymentPage | Typing into element: ('accessibility id', 'Expiration Date* input field')
2026-07-28 01:41:25 | INFO     | CheckoutPaymentPage | Typing into element: ('accessibility id', 'Security Code* input field')
2026-07-28 01:41:28 | INFO     | app.pages.checkout_payment_page | Continuing to Review Order.
2026-07-28 01:41:28 | INFO     | CheckoutPaymentPage | Clicking element: ('accessibility id', 'Review Order button')
2026-07-28 01:41:35 | ERROR    | core.waits.wait_utils | Element was not visible: ('-android uiautomator', 'new UiSelector().text("Sauce Labs Bolt T-Shirt")')
2026-07-28 01:41:36 | INFO     | core.reporting.screenshot_manager | Screenshot saved: C:\Users\satye\OneDrive\Desktop\Android7\AndroidAutomationFramework\screenshots\test_complete_purchase_and_logout_20260728_014135_899155.png
2026-07-28 01:41:36 | ERROR    | conftest | Failure screenshot captured: C:\Users\satye\OneDrive\Desktop\Android7\AndroidAutomationFramework\screenshots\test_complete_purchase_and_logout_20260728_014135_899155.png
2026-07-28 01:41:37 | INFO     | conftest | Application terminated during cleanup.
2026-07-28 01:41:37 | INFO     | core.driver.driver_factory | Appium session closed. Session ID=a5357648-e65d-4602-a4e7-09b9f27de678
2026-07-28 01:41:37 | INFO     | conftest | Test session finished
2026-07-28 01:41:37 | INFO     | conftest | ======================================================================
2026-07-28 01:42:55 | INFO     | conftest | ======================================================================
2026-07-28 01:42:55 | INFO     | conftest | Starting new test session
2026-07-28 01:42:55 | INFO     | core.driver.driver_factory | Creating Android Appium session.
2026-07-28 01:42:55 | INFO     | core.driver.driver_factory | Device UDID: X8E6BQOVMJORTG89
2026-07-28 01:42:55 | INFO     | core.driver.driver_factory | Application package: com.saucelabs.mydemoapp.rn
2026-07-28 01:42:59 | INFO     | core.driver.driver_factory | Appium session created successfully. Session ID=aab3e883-645e-4139-a031-2a7b25c2def0
2026-07-28 01:42:59 | INFO     | conftest | Appium driver created. Session ID=aab3e883-645e-4139-a031-2a7b25c2def0
2026-07-28 01:42:59 | INFO     | conftest | Preparing application for test execution.
2026-07-28 01:43:00 | INFO     | conftest | Application terminated successfully.
2026-07-28 01:43:00 | INFO     | conftest | Application activated successfully.
2026-07-28 01:43:03 | INFO     | ProductsPage | Clicking element: ('-android uiautomator', 'new UiSelector().text("Sauce Labs Backpack")')
2026-07-28 01:43:04 | INFO     | ProductDetailsPage | Clicking element: ('accessibility id', 'Add To Cart button')
2026-07-28 01:43:05 | INFO     | ProductsPage | Clicking element: ('-android uiautomator', 'new UiSelector().text("Sauce Labs Bike Light")')
2026-07-28 01:43:07 | INFO     | ProductDetailsPage | Clicking element: ('accessibility id', 'counter plus button')
2026-07-28 01:43:08 | INFO     | ProductDetailsPage | Clicking element: ('accessibility id', 'Add To Cart button')
2026-07-28 01:43:09 | INFO     | ProductsPage | Clicking element: ('-android uiautomator', 'new UiSelector().text("Sauce Labs Bolt T-Shirt")')
2026-07-28 01:43:11 | INFO     | ProductDetailsPage | Clicking element: ('accessibility id', 'counter plus button')
2026-07-28 01:43:11 | INFO     | ProductDetailsPage | Clicking element: ('accessibility id', 'counter plus button')
2026-07-28 01:43:12 | INFO     | ProductDetailsPage | Clicking element: ('accessibility id', 'counter plus button')
2026-07-28 01:43:13 | INFO     | ProductDetailsPage | Clicking element: ('accessibility id', 'Add To Cart button')
2026-07-28 01:43:14 | INFO     | ProductDetailsPage | Clicking element: ('accessibility id', 'cart badge')
2026-07-28 01:43:15 | INFO     | CartPage | Clicking element: ('accessibility id', 'Proceed To Checkout button')
2026-07-28 01:43:17 | INFO     | LoginPage | Typing into element: ('accessibility id', 'Username input field')
2026-07-28 01:43:17 | INFO     | LoginPage | Typing into element: ('accessibility id', 'Password input field')
2026-07-28 01:43:20 | INFO     | LoginPage | Clicking element: ('accessibility id', 'Login button')
2026-07-28 01:43:21 | INFO     | CheckoutAddressPage | Typing into element: ('accessibility id', 'Full Name* input field')
2026-07-28 01:43:23 | INFO     | CheckoutAddressPage | Typing into element: ('accessibility id', 'Address Line 1* input field')
2026-07-28 01:43:25 | INFO     | CheckoutAddressPage | Typing into element: ('accessibility id', 'Address Line 2 input field')
2026-07-28 01:43:28 | INFO     | CheckoutAddressPage | Typing into element: ('accessibility id', 'City* input field')
2026-07-28 01:43:29 | INFO     | CheckoutAddressPage | Typing into element: ('accessibility id', 'State/Region input field')
2026-07-28 01:43:32 | INFO     | CheckoutAddressPage | Typing into element: ('accessibility id', 'Zip Code* input field')
2026-07-28 01:43:34 | INFO     | CheckoutAddressPage | Typing into element: ('accessibility id', 'Country* input field')
2026-07-28 01:43:37 | INFO     | CheckoutAddressPage | Clicking element: ('accessibility id', 'To Payment button')
2026-07-28 01:43:39 | INFO     | CheckoutPaymentPage | Typing into element: ('accessibility id', 'Full Name* input field')
2026-07-28 01:43:40 | INFO     | CheckoutPaymentPage | Typing into element: ('accessibility id', 'Card Number* input field')
2026-07-28 01:43:42 | INFO     | CheckoutPaymentPage | Typing into element: ('accessibility id', 'Expiration Date* input field')
2026-07-28 01:43:44 | INFO     | CheckoutPaymentPage | Typing into element: ('accessibility id', 'Security Code* input field')
2026-07-28 01:43:46 | INFO     | app.pages.checkout_payment_page | Continuing to Review Order.
2026-07-28 01:43:46 | INFO     | CheckoutPaymentPage | Clicking element: ('accessibility id', 'Review Order button')
2026-07-28 01:43:48 | INFO     | app.pages.review_order_page | Searching Review Order for product: Sauce Labs Backpack
2026-07-28 01:43:48 | INFO     | app.pages.review_order_page | Product visible on Review Order: Sauce Labs Backpack
2026-07-28 01:43:48 | INFO     | app.pages.review_order_page | Searching Review Order for product: Sauce Labs Bike Light
2026-07-28 01:43:48 | INFO     | app.pages.review_order_page | Product visible on Review Order: Sauce Labs Bike Light
2026-07-28 01:43:48 | INFO     | app.pages.review_order_page | Searching Review Order for product: Sauce Labs Bolt T-Shirt
2026-07-28 01:43:48 | INFO     | app.pages.review_order_page | Product not currently visible. Scrolling to locate: Sauce Labs Bolt T-Shirt
2026-07-28 01:43:52 | INFO     | app.pages.review_order_page | Product found after scrolling: Sauce Labs Bolt T-Shirt
2026-07-28 01:43:52 | INFO     | app.pages.review_order_page | Preparing to place order.
2026-07-28 01:43:52 | INFO     | app.pages.review_order_page | Scrolling to Place Order button.
2026-07-28 01:43:52 | INFO     | app.pages.review_order_page | Place Order button is visible.
2026-07-28 01:43:52 | INFO     | ReviewOrderPage | Clicking element: ('accessibility id', 'Place Order button')
2026-07-28 01:43:52 | INFO     | app.pages.review_order_page | Place Order button clicked.
2026-07-28 01:43:53 | INFO     | conftest | Application terminated during cleanup.
2026-07-28 01:43:53 | INFO     | core.driver.driver_factory | Appium session closed. Session ID=aab3e883-645e-4139-a031-2a7b25c2def0
2026-07-28 01:43:53 | INFO     | conftest | Test session finished
2026-07-28 01:43:53 | INFO     | conftest | ======================================================================
2026-07-28 01:47:23 | INFO     | conftest | ======================================================================
2026-07-28 01:47:23 | INFO     | conftest | Starting new test session
2026-07-28 01:47:23 | INFO     | core.driver.driver_factory | Creating Android Appium session.
2026-07-28 01:47:23 | INFO     | core.driver.driver_factory | Device UDID: X8E6BQOVMJORTG89
2026-07-28 01:47:23 | INFO     | core.driver.driver_factory | Application package: com.saucelabs.mydemoapp.rn
2026-07-28 01:47:27 | INFO     | core.driver.driver_factory | Appium session created successfully. Session ID=b1bdd1fe-e4b1-46ff-b746-8f2512ed706b
2026-07-28 01:47:27 | INFO     | conftest | Appium driver created. Session ID=b1bdd1fe-e4b1-46ff-b746-8f2512ed706b
2026-07-28 01:47:27 | INFO     | conftest | Preparing application for test execution.
2026-07-28 01:47:27 | INFO     | conftest | Application terminated successfully.
2026-07-28 01:47:28 | INFO     | conftest | Application activated successfully.
2026-07-28 01:47:29 | INFO     | ProductsPage | Clicking element: ('-android uiautomator', 'new UiSelector().text("Sauce Labs Backpack")')
2026-07-28 01:47:31 | INFO     | ProductDetailsPage | Clicking element: ('accessibility id', 'Add To Cart button')
2026-07-28 01:47:33 | INFO     | ProductsPage | Clicking element: ('-android uiautomator', 'new UiSelector().text("Sauce Labs Bike Light")')
2026-07-28 01:47:35 | INFO     | ProductDetailsPage | Clicking element: ('accessibility id', 'counter plus button')
2026-07-28 01:47:36 | INFO     | ProductDetailsPage | Clicking element: ('accessibility id', 'Add To Cart button')
2026-07-28 01:47:38 | INFO     | ProductsPage | Clicking element: ('-android uiautomator', 'new UiSelector().text("Sauce Labs Bolt T-Shirt")')
2026-07-28 01:47:40 | INFO     | ProductDetailsPage | Clicking element: ('accessibility id', 'counter plus button')
2026-07-28 01:47:40 | INFO     | ProductDetailsPage | Clicking element: ('accessibility id', 'counter plus button')
2026-07-28 01:47:41 | INFO     | ProductDetailsPage | Clicking element: ('accessibility id', 'counter plus button')
2026-07-28 01:47:43 | INFO     | ProductDetailsPage | Clicking element: ('accessibility id', 'Add To Cart button')
2026-07-28 01:47:44 | INFO     | ProductDetailsPage | Clicking element: ('accessibility id', 'cart badge')
2026-07-28 01:47:45 | INFO     | CartPage | Clicking element: ('accessibility id', 'Proceed To Checkout button')
2026-07-28 01:47:47 | INFO     | LoginPage | Typing into element: ('accessibility id', 'Username input field')
2026-07-28 01:47:48 | INFO     | LoginPage | Typing into element: ('accessibility id', 'Password input field')
2026-07-28 01:47:51 | INFO     | LoginPage | Clicking element: ('accessibility id', 'Login button')
2026-07-28 01:47:53 | INFO     | CheckoutAddressPage | Typing into element: ('accessibility id', 'Full Name* input field')
2026-07-28 01:47:55 | INFO     | CheckoutAddressPage | Typing into element: ('accessibility id', 'Address Line 1* input field')
2026-07-28 01:47:58 | INFO     | CheckoutAddressPage | Typing into element: ('accessibility id', 'Address Line 2 input field')
2026-07-28 01:48:02 | INFO     | CheckoutAddressPage | Typing into element: ('accessibility id', 'City* input field')
2026-07-28 01:48:05 | INFO     | CheckoutAddressPage | Typing into element: ('accessibility id', 'State/Region input field')
2026-07-28 01:48:09 | INFO     | CheckoutAddressPage | Typing into element: ('accessibility id', 'Zip Code* input field')
2026-07-28 01:48:12 | INFO     | CheckoutAddressPage | Typing into element: ('accessibility id', 'Country* input field')
2026-07-28 01:48:16 | INFO     | CheckoutAddressPage | Clicking element: ('accessibility id', 'To Payment button')
2026-07-28 01:48:18 | INFO     | CheckoutPaymentPage | Typing into element: ('accessibility id', 'Full Name* input field')
2026-07-28 01:48:20 | INFO     | CheckoutPaymentPage | Typing into element: ('accessibility id', 'Card Number* input field')
2026-07-28 01:48:23 | INFO     | CheckoutPaymentPage | Typing into element: ('accessibility id', 'Expiration Date* input field')
2026-07-28 01:48:26 | INFO     | CheckoutPaymentPage | Typing into element: ('accessibility id', 'Security Code* input field')
2026-07-28 01:48:30 | INFO     | app.pages.checkout_payment_page | Continuing to Review Order.
2026-07-28 01:48:30 | INFO     | CheckoutPaymentPage | Clicking element: ('accessibility id', 'Review Order button')
2026-07-28 01:48:33 | INFO     | app.pages.review_order_page | Searching Review Order for product: Sauce Labs Backpack
2026-07-28 01:48:33 | INFO     | app.pages.review_order_page | Product visible on Review Order: Sauce Labs Backpack
2026-07-28 01:48:33 | INFO     | app.pages.review_order_page | Searching Review Order for product: Sauce Labs Bike Light
2026-07-28 01:48:33 | INFO     | app.pages.review_order_page | Product visible on Review Order: Sauce Labs Bike Light
2026-07-28 01:48:33 | INFO     | app.pages.review_order_page | Searching Review Order for product: Sauce Labs Bolt T-Shirt
2026-07-28 01:48:34 | INFO     | app.pages.review_order_page | Product not currently visible. Scrolling to locate: Sauce Labs Bolt T-Shirt
2026-07-28 01:48:45 | WARNING  | app.pages.review_order_page | Product was not found on Review Order: Sauce Labs Bolt T-Shirt
2026-07-28 01:48:45 | INFO     | core.reporting.screenshot_manager | Screenshot saved: C:\Users\satye\OneDrive\Desktop\Android7\AndroidAutomationFramework\screenshots\test_complete_purchase_and_logout_20260728_014845_308717.png
2026-07-28 01:48:45 | ERROR    | conftest | Failure screenshot captured: C:\Users\satye\OneDrive\Desktop\Android7\AndroidAutomationFramework\screenshots\test_complete_purchase_and_logout_20260728_014845_308717.png
2026-07-28 01:48:46 | INFO     | conftest | Application terminated during cleanup.
2026-07-28 01:48:47 | INFO     | core.driver.driver_factory | Appium session closed. Session ID=b1bdd1fe-e4b1-46ff-b746-8f2512ed706b
2026-07-28 01:48:47 | INFO     | conftest | Test session finished
2026-07-28 01:48:47 | INFO     | conftest | ======================================================================
2026-07-28 02:01:00 | INFO     | conftest | ======================================================================
2026-07-28 02:01:00 | INFO     | conftest | Starting new test session
2026-07-28 02:01:00 | INFO     | core.driver.driver_factory | Creating Android Appium session.
2026-07-28 02:01:00 | INFO     | core.driver.driver_factory | Device UDID: X8E6BQOVMJORTG89
2026-07-28 02:01:00 | INFO     | core.driver.driver_factory | Application package: com.saucelabs.mydemoapp.rn
2026-07-28 02:01:08 | INFO     | core.driver.driver_factory | Appium session created successfully. Session ID=0adf5b5d-2917-4968-97b2-11758db85f7d
2026-07-28 02:01:08 | INFO     | conftest | Appium driver created. Session ID=0adf5b5d-2917-4968-97b2-11758db85f7d
2026-07-28 02:01:08 | INFO     | conftest | Preparing application for test execution.
2026-07-28 02:01:09 | INFO     | conftest | Application terminated successfully.
2026-07-28 02:01:09 | INFO     | conftest | Application activated successfully.
2026-07-28 02:01:11 | INFO     | ProductsPage | Clicking element: ('-android uiautomator', 'new UiSelector().text("Sauce Labs Backpack")')
2026-07-28 02:01:13 | INFO     | ProductDetailsPage | Clicking element: ('accessibility id', 'Add To Cart button')
2026-07-28 02:01:15 | INFO     | ProductsPage | Clicking element: ('-android uiautomator', 'new UiSelector().text("Sauce Labs Bike Light")')
2026-07-28 02:01:17 | INFO     | ProductDetailsPage | Clicking element: ('accessibility id', 'counter plus button')
2026-07-28 02:01:18 | INFO     | ProductDetailsPage | Clicking element: ('accessibility id', 'Add To Cart button')
2026-07-28 02:01:21 | INFO     | ProductsPage | Clicking element: ('-android uiautomator', 'new UiSelector().text("Sauce Labs Bolt T-Shirt")')
2026-07-28 02:01:24 | INFO     | ProductDetailsPage | Clicking element: ('accessibility id', 'counter plus button')
2026-07-28 02:01:24 | INFO     | ProductDetailsPage | Clicking element: ('accessibility id', 'counter plus button')
2026-07-28 02:01:25 | INFO     | ProductDetailsPage | Clicking element: ('accessibility id', 'counter plus button')
2026-07-28 02:01:27 | INFO     | ProductDetailsPage | Clicking element: ('accessibility id', 'Add To Cart button')
2026-07-28 02:01:28 | INFO     | ProductDetailsPage | Clicking element: ('accessibility id', 'cart badge')
2026-07-28 02:01:31 | INFO     | CartPage | Clicking element: ('accessibility id', 'Proceed To Checkout button')
2026-07-28 02:01:33 | INFO     | LoginPage | Typing into element: ('accessibility id', 'Username input field')
2026-07-28 02:01:34 | INFO     | LoginPage | Typing into element: ('accessibility id', 'Password input field')
2026-07-28 02:01:40 | INFO     | LoginPage | Clicking element: ('accessibility id', 'Login button')
2026-07-28 02:01:42 | INFO     | CheckoutAddressPage | Typing into element: ('accessibility id', 'Full Name* input field')
2026-07-28 02:01:44 | INFO     | CheckoutAddressPage | Typing into element: ('accessibility id', 'Address Line 1* input field')
2026-07-28 02:01:48 | INFO     | CheckoutAddressPage | Typing into element: ('accessibility id', 'Address Line 2 input field')
2026-07-28 02:02:04 | INFO     | CheckoutAddressPage | Typing into element: ('accessibility id', 'City* input field')
2026-07-28 02:02:06 | INFO     | CheckoutAddressPage | Typing into element: ('accessibility id', 'State/Region input field')
2026-07-28 02:02:08 | INFO     | CheckoutAddressPage | Typing into element: ('accessibility id', 'Zip Code* input field')
2026-07-28 02:02:10 | INFO     | CheckoutAddressPage | Typing into element: ('accessibility id', 'Country* input field')
2026-07-28 02:02:13 | INFO     | CheckoutAddressPage | Clicking element: ('accessibility id', 'To Payment button')
2026-07-28 02:02:14 | INFO     | CheckoutPaymentPage | Typing into element: ('accessibility id', 'Full Name* input field')
2026-07-28 02:02:16 | INFO     | CheckoutPaymentPage | Typing into element: ('accessibility id', 'Card Number* input field')
2026-07-28 02:02:18 | INFO     | CheckoutPaymentPage | Typing into element: ('accessibility id', 'Expiration Date* input field')
2026-07-28 02:02:19 | INFO     | CheckoutPaymentPage | Typing into element: ('accessibility id', 'Security Code* input field')
2026-07-28 02:02:22 | INFO     | app.pages.checkout_payment_page | Continuing to Review Order.
2026-07-28 02:02:22 | INFO     | CheckoutPaymentPage | Clicking element: ('accessibility id', 'Review Order button')
2026-07-28 02:02:24 | INFO     | app.pages.review_order_page | Searching Review Order for product: Sauce Labs Backpack
2026-07-28 02:02:24 | INFO     | app.pages.review_order_page | Product visible on Review Order: Sauce Labs Backpack
2026-07-28 02:02:24 | INFO     | app.pages.review_order_page | Searching Review Order for product: Sauce Labs Bike Light
2026-07-28 02:02:24 | INFO     | app.pages.review_order_page | Product visible on Review Order: Sauce Labs Bike Light
2026-07-28 02:02:24 | INFO     | app.pages.review_order_page | Searching Review Order for product: Sauce Labs Bolt T-Shirt
2026-07-28 02:02:24 | INFO     | app.pages.review_order_page | Product not currently visible. Scrolling to locate: Sauce Labs Bolt T-Shirt
2026-07-28 02:02:28 | INFO     | app.pages.review_order_page | Product found after scrolling: Sauce Labs Bolt T-Shirt
2026-07-28 02:02:28 | INFO     | app.pages.review_order_page | Preparing to place order.
2026-07-28 02:02:28 | INFO     | app.pages.review_order_page | Scrolling to Place Order button.
2026-07-28 02:02:28 | INFO     | app.pages.review_order_page | Place Order button is visible.
2026-07-28 02:02:28 | INFO     | ReviewOrderPage | Clicking element: ('accessibility id', 'Place Order button')
2026-07-28 02:02:28 | INFO     | app.pages.review_order_page | Place Order button clicked.
2026-07-28 02:02:28 | INFO     | ReviewOrderPage | Clicking element: ('accessibility id', 'Continue Shopping button')
2026-07-28 02:02:29 | INFO     | app.pages.review_order_page | Continue Shopping button clicked.
2026-07-28 02:02:30 | INFO     | conftest | Application terminated during cleanup.
2026-07-28 02:02:31 | INFO     | core.driver.driver_factory | Appium session closed. Session ID=0adf5b5d-2917-4968-97b2-11758db85f7d
2026-07-28 02:02:31 | INFO     | conftest | Test session finished
2026-07-28 02:02:31 | INFO     | conftest | ======================================================================
2026-07-28 02:02:53 | INFO     | conftest | ======================================================================
2026-07-28 02:02:53 | INFO     | conftest | Starting new test session
2026-07-28 02:02:53 | INFO     | core.driver.driver_factory | Creating Android Appium session.
2026-07-28 02:02:53 | INFO     | core.driver.driver_factory | Device UDID: X8E6BQOVMJORTG89
2026-07-28 02:02:53 | INFO     | core.driver.driver_factory | Application package: com.saucelabs.mydemoapp.rn
2026-07-28 02:02:57 | INFO     | core.driver.driver_factory | Appium session created successfully. Session ID=bc5e8e5d-912d-47bf-801f-3dc2c785e7ac
2026-07-28 02:02:57 | INFO     | conftest | Appium driver created. Session ID=bc5e8e5d-912d-47bf-801f-3dc2c785e7ac
2026-07-28 02:02:57 | INFO     | conftest | Preparing application for test execution.
2026-07-28 02:02:58 | INFO     | conftest | Application terminated successfully.
2026-07-28 02:02:58 | INFO     | conftest | Application activated successfully.
2026-07-28 02:03:00 | INFO     | ProductsPage | Clicking element: ('-android uiautomator', 'new UiSelector().text("Sauce Labs Backpack")')
2026-07-28 02:03:02 | INFO     | ProductDetailsPage | Clicking element: ('accessibility id', 'Add To Cart button')
2026-07-28 02:03:04 | INFO     | ProductsPage | Clicking element: ('-android uiautomator', 'new UiSelector().text("Sauce Labs Bike Light")')
2026-07-28 02:03:06 | INFO     | ProductDetailsPage | Clicking element: ('accessibility id', 'counter plus button')
2026-07-28 02:03:08 | INFO     | ProductDetailsPage | Clicking element: ('accessibility id', 'Add To Cart button')
2026-07-28 02:03:12 | INFO     | ProductsPage | Clicking element: ('-android uiautomator', 'new UiSelector().text("Sauce Labs Bolt T-Shirt")')
2026-07-28 02:03:14 | INFO     | ProductDetailsPage | Clicking element: ('accessibility id', 'counter plus button')
2026-07-28 02:03:16 | INFO     | ProductDetailsPage | Clicking element: ('accessibility id', 'counter plus button')
2026-07-28 02:03:17 | INFO     | ProductDetailsPage | Clicking element: ('accessibility id', 'counter plus button')
2026-07-28 02:03:21 | INFO     | ProductDetailsPage | Clicking element: ('accessibility id', 'Add To Cart button')
2026-07-28 02:03:21 | INFO     | ProductDetailsPage | Clicking element: ('accessibility id', 'cart badge')
2026-07-28 02:03:24 | INFO     | CartPage | Clicking element: ('accessibility id', 'Proceed To Checkout button')
2026-07-28 02:03:29 | INFO     | LoginPage | Typing into element: ('accessibility id', 'Username input field')
2026-07-28 02:03:30 | INFO     | LoginPage | Typing into element: ('accessibility id', 'Password input field')
2026-07-28 02:03:33 | INFO     | LoginPage | Clicking element: ('accessibility id', 'Login button')
2026-07-28 02:03:36 | INFO     | CheckoutAddressPage | Typing into element: ('accessibility id', 'Full Name* input field')
2026-07-28 02:03:38 | INFO     | CheckoutAddressPage | Typing into element: ('accessibility id', 'Address Line 1* input field')
2026-07-28 02:03:42 | INFO     | CheckoutAddressPage | Typing into element: ('accessibility id', 'Address Line 2 input field')
2026-07-28 02:03:46 | INFO     | CheckoutAddressPage | Typing into element: ('accessibility id', 'City* input field')
2026-07-28 02:03:50 | INFO     | CheckoutAddressPage | Typing into element: ('accessibility id', 'State/Region input field')
2026-07-28 02:03:54 | INFO     | CheckoutAddressPage | Typing into element: ('accessibility id', 'Zip Code* input field')
2026-07-28 02:03:58 | INFO     | CheckoutAddressPage | Typing into element: ('accessibility id', 'Country* input field')
2026-07-28 02:04:03 | INFO     | CheckoutAddressPage | Clicking element: ('accessibility id', 'To Payment button')
2026-07-28 02:04:06 | INFO     | CheckoutPaymentPage | Typing into element: ('accessibility id', 'Full Name* input field')
2026-07-28 02:04:10 | INFO     | CheckoutPaymentPage | Typing into element: ('accessibility id', 'Card Number* input field')
2026-07-28 02:04:14 | INFO     | CheckoutPaymentPage | Typing into element: ('accessibility id', 'Expiration Date* input field')
2026-07-28 02:04:18 | INFO     | CheckoutPaymentPage | Typing into element: ('accessibility id', 'Security Code* input field')
2026-07-28 02:04:23 | INFO     | app.pages.checkout_payment_page | Continuing to Review Order.
2026-07-28 02:04:23 | INFO     | CheckoutPaymentPage | Clicking element: ('accessibility id', 'Review Order button')
2026-07-28 02:04:26 | INFO     | app.pages.review_order_page | Searching Review Order for product: Sauce Labs Backpack
2026-07-28 02:04:28 | INFO     | app.pages.review_order_page | Product visible on Review Order: Sauce Labs Backpack
2026-07-28 02:04:28 | INFO     | app.pages.review_order_page | Searching Review Order for product: Sauce Labs Bike Light
2026-07-28 02:04:29 | INFO     | app.pages.review_order_page | Product visible on Review Order: Sauce Labs Bike Light
2026-07-28 02:04:29 | INFO     | app.pages.review_order_page | Searching Review Order for product: Sauce Labs Bolt T-Shirt
2026-07-28 02:04:30 | INFO     | app.pages.review_order_page | Product not currently visible. Scrolling to locate: Sauce Labs Bolt T-Shirt
2026-07-28 02:04:34 | INFO     | app.pages.review_order_page | Product found after scrolling: Sauce Labs Bolt T-Shirt
2026-07-28 02:04:34 | INFO     | app.pages.review_order_page | Preparing to place order.
2026-07-28 02:04:34 | INFO     | app.pages.review_order_page | Scrolling to Place Order button.
2026-07-28 02:04:36 | INFO     | app.pages.review_order_page | Place Order button is visible.
2026-07-28 02:04:36 | INFO     | ReviewOrderPage | Clicking element: ('accessibility id', 'Place Order button')
2026-07-28 02:04:38 | INFO     | app.pages.review_order_page | Place Order button clicked.
2026-07-28 02:04:38 | INFO     | ReviewOrderPage | Clicking element: ('accessibility id', 'Continue Shopping button')
2026-07-28 02:04:38 | INFO     | app.pages.review_order_page | Continue Shopping button clicked.
2026-07-28 02:04:39 | INFO     | conftest | Application terminated during cleanup.
2026-07-28 02:04:40 | INFO     | core.driver.driver_factory | Appium session closed. Session ID=bc5e8e5d-912d-47bf-801f-3dc2c785e7ac
2026-07-28 02:04:40 | INFO     | conftest | Test session finished
2026-07-28 02:04:40 | INFO     | conftest | ======================================================================
